4037,5,v,t,a,formula
330,0,0,15.63,9999,2
440,0,0,20.84,9999,2
550,0,0,26.05,9999,2
660,0,0,31.26,9999,2
770,0,0,36.47,9999,2
880,0,0,41.68,9999,2
990,0,0,46.89,9999,2
1100,0,0,52.1,9999,2
1210,0,0,57.31,9999,2
1320,0,0,62.52,9999,2
1430,0,0,67.73,9999,2
1540,0,0,72.94,9999,2
1650,0,0,78.15,9999,2
1760,0,0,83.36,9999,2
1870,0,0,88.57,9999,2
1980,0,0,93.78,9999,2
2090,0,0,98.99,9999,2
2200,0,0,104.2,9999,2
2310,0,0,109.41,9999,2
2420,0,0,114.62,9999,2
2530,0,0,119.83,9999,2
2640,0,0,125.04,9999,2
2750,0,0,130.25,9999,2
2860,0,0,135.46,9999,2
2970,0,0,140.67,9999,2
3080,0,0,145.88,9999,2
3190,0,0,151.09,9999,2
3300,0,0,156.3,9999,2
3410,0,0,161.51,9999,2
3520,0,0,166.72,9999,2
3630,0,0,171.93,9999,2
3740,0,0,177.14,9999,2
3850,0,0,182.35,9999,2
3960,0,0,187.56,9999,2
4070,0,0,192.77,9999,2
4180,0,0,197.98,9999,2
4290,0,0,203.19,9999,2
4400,0,0,208.4,9999,2
4510,0,0,213.61,9999,2
4620,0,0,218.82,9999,2
4730,0,0,224.03,9999,2
4840,0,0,229.24,9999,2
4950,0,0,234.45,9999,2
5060,0,0,239.66,9999,2
5170,0,0,244.87,9999,2
5280,0,0,250.08,9999,2
5390,0,0,255.29,9999,2
5500,0,0,260.5,9999,2
5610,0,0,265.71,9999,2
5720,0,0,270.92,9999,2
5830,0,0,276.13,9999,2
5940,0,0,281.34,9999,2
6050,0,0,286.55,9999,2
6160,0,0,291.76,9999,2
6270,0,0,296.97,9999,2
6380,0,0,302.18,9999,2
6490,0,0,307.39,9999,2
6600,0,0,312.6,9999,2
6710,0,0,317.81,9999,2
6820,0,0,323.02,9999,2
6930,0,0,328.23,9999,2
7040,0,0,333.44,9999,2
7150,0,0,338.65,9999,2
7260,0,0,343.86,9999,2
7370,0,0,349.07,9999,2
7480,0,0,354.28,9999,2
7590,0,0,359.49,9999,2
7700,0,0,364.7,9999,2
7810,0,0,369.91,9999,2
7920,0,0,375.12,9999,2
8030,0,0,380.33,9999,2
8140,0,0,385.54,9999,2
8250,0,0,390.75,9999,2
8360,0,0,395.96,9999,2
8470,0,0,401.17,9999,2
8580,0,0,406.38,9999,2
8690,0,0,411.59,9999,2
8800,0,0,416.8,9999,2
8910,0,0,422.01,9999,2
9020,0,0,427.22,9999,2
9130,0,0,432.43,9999,2
9240,0,0,437.64,9999,2
9350,0,0,442.85,9999,2
9460,0,0,448.06,9999,2
9570,0,0,453.27,9999,2
9680,0,0,458.48,9999,2
9790,0,0,463.69,9999,2
9900,0,0,468.9,9999,2
10010,0,0,474.11,9999,2
10120,0,0,479.32,9999,2
10230,0,0,484.53,9999,2
10340,0,0,489.74,9999,2
10450,0,0,494.95,9999,2
10560,0,0,500.16,9999,2
10670,0,0,505.37,9999,2
10780,0,0,510.58,9999,2
10890,0,0,515.79,9999,2
106.2,0,21.3,0,9999,1
141.6,0,28.4,0,9999,1
177,0,35.5,0,9999,1
212.4,0,42.6,0,9999,1
247.8,0,49.7,0,9999,1
283.2,0,56.8,0,9999,1
318.6,0,63.9,0,9999,1
354,0,71,0,9999,1
389.4,0,78.1,0,9999,1
424.8,0,85.2,0,9999,1
460.2,0,92.3,0,9999,1
495.6,0,99.4,0,9999,1
531,0,106.5,0,9999,1
566.4,0,113.6,0,9999,1
601.8,0,120.7,0,9999,1
637.2,0,127.8,0,9999,1
672.6,0,134.9,0,9999,1
708,0,142,0,9999,1
743.4,0,149.1,0,9999,1
778.8,0,156.2,0,9999,1
814.2,0,163.3,0,9999,1
849.6,0,170.4,0,9999,1
885,0,177.5,0,9999,1
920.4,0,184.6,0,9999,1
955.8,0,191.7,0,9999,1
991.2,0,198.8,0,9999,1
1026.6,0,205.9,0,9999,1
1062,0,213,0,9999,1
1097.4,0,220.1,0,9999,1
1132.8,0,227.2,0,9999,1
1168.2,0,234.3,0,9999,1
1203.6,0,241.4,0,9999,1
1239,0,248.5,0,9999,1
1274.4,0,255.6,0,9999,1
1309.8,0,262.7,0,9999,1
1345.2,0,269.8,0,9999,1
1380.6,0,276.9,0,9999,1
1416,0,284,0,9999,1
1451.4,0,291.1,0,9999,1
1486.8,0,298.2,0,9999,1
1522.2,0,305.3,0,9999,1
1557.6,0,312.4,0,9999,1
1593,0,319.5,0,9999,1
1628.4,0,326.6,0,9999,1
1663.8,0,333.7,0,9999,1
1699.2,0,340.8,0,9999,1
1734.6,0,347.9,0,9999,1
1770,0,355,0,9999,1
1805.4,0,362.1,0,9999,1
1840.8,0,369.2,0,9999,1
1876.2,0,376.3,0,9999,1
1911.6,0,383.4,0,9999,1
1947,0,390.5,0,9999,1
1982.4,0,397.6,0,9999,1
2017.8,0,404.7,0,9999,1
2053.2,0,411.8,0,9999,1
2088.6,0,418.9,0,9999,1
2124,0,426,0,9999,1
2159.4,0,433.1,0,9999,1
2194.8,0,440.2,0,9999,1
2230.2,0,447.3,0,9999,1
2265.6,0,454.4,0,9999,1
2301,0,461.5,0,9999,1
2336.4,0,468.6,0,9999,1
2371.8,0,475.7,0,9999,1
2407.2,0,482.8,0,9999,1
2442.6,0,489.9,0,9999,1
2478,0,497,0,9999,1
2513.4,0,504.1,0,9999,1
2548.8,0,511.2,0,9999,1
2584.2,0,518.3,0,9999,1
2619.6,0,525.4,0,9999,1
2655,0,532.5,0,9999,1
2690.4,0,539.6,0,9999,1
2725.8,0,546.7,0,9999,1
2761.2,0,553.8,0,9999,1
2796.6,0,560.9,0,9999,1
2832,0,568,0,9999,1
2867.4,0,575.1,0,9999,1
2902.8,0,582.2,0,9999,1
2938.2,0,589.3,0,9999,1
2973.6,0,596.4,0,9999,1
3009,0,603.5,0,9999,1
3044.4,0,610.6,0,9999,1
3079.8,0,617.7,0,9999,1
3115.2,0,624.8,0,9999,1
3150.6,0,631.9,0,9999,1
3186,0,639,0,9999,1
3221.4,0,646.1,0,9999,1
3256.8,0,653.2,0,9999,1
3292.2,0,660.3,0,9999,1
3327.6,0,667.4,0,9999,1
3363,0,674.5,0,9999,1
3398.4,0,681.6,0,9999,1
3433.8,0,688.7,0,9999,1
3469.2,0,695.8,0,9999,1
3504.6,0,702.9,0,9999,1
9999,0,780,0,36,1
9999,0,1040,0,48,1
9999,0,1300,0,60,1
9999,0,1560,0,72,1
9999,0,1820,0,84,1
9999,0,2080,0,96,1
9999,0,2340,0,108,1
9999,0,2600,0,120,1
9999,0,2860,0,132,1
9999,0,3120,0,144,1
9999,0,3380,0,156,1
9999,0,3640,0,168,1
9999,0,3900,0,180,1
9999,0,4160,0,192,1
9999,0,4420,0,204,1
9999,0,4680,0,216,1
9999,0,4940,0,228,1
9999,0,5200,0,240,1
9999,0,5460,0,252,1
9999,0,5720,0,264,1
9999,0,5980,0,276,1
9999,0,6240,0,288,1
9999,0,6500,0,300,1
9999,0,6760,0,312,1
9999,0,7020,0,324,1
9999,0,7280,0,336,1
9999,0,7540,0,348,1
9999,0,7800,0,360,1
9999,0,8060,0,372,1
9999,0,8320,0,384,1
9999,0,8580,0,396,1
9999,0,8840,0,408,1
9999,0,9100,0,420,1
9999,0,9360,0,432,1
9999,0,9620,0,444,1
9999,0,9880,0,456,1
9999,0,10140,0,468,1
9999,0,10400,0,480,1
9999,0,10660,0,492,1
9999,0,10920,0,504,1
9999,0,11180,0,516,1
9999,0,11440,0,528,1
9999,0,11700,0,540,1
9999,0,11960,0,552,1
9999,0,12220,0,564,1
9999,0,12480,0,576,1
9999,0,12740,0,588,1
9999,0,13000,0,600,1
9999,0,13260,0,612,1
9999,0,13520,0,624,1
9999,0,13780,0,636,1
9999,0,14040,0,648,1
9999,0,14300,0,660,1
9999,0,14560,0,672,1
9999,0,14820,0,684,1
9999,0,15080,0,696,1
9999,0,15340,0,708,1
9999,0,15600,0,720,1
9999,0,15860,0,732,1
9999,0,16120,0,744,1
9999,0,16380,0,756,1
9999,0,16640,0,768,1
9999,0,16900,0,780,1
9999,0,17160,0,792,1
9999,0,17420,0,804,1
9999,0,17680,0,816,1
9999,0,17940,0,828,1
9999,0,18200,0,840,1
9999,0,18460,0,852,1
9999,0,18720,0,864,1
9999,0,18980,0,876,1
9999,0,19240,0,888,1
9999,0,19500,0,900,1
9999,0,19760,0,912,1
9999,0,20020,0,924,1
9999,0,20280,0,936,1
9999,0,20540,0,948,1
9999,0,20800,0,960,1
9999,0,21060,0,972,1
9999,0,21320,0,984,1
9999,0,21580,0,996,1
9999,0,21840,0,1008,1
9999,0,22100,0,1020,1
9999,0,22360,0,1032,1
9999,0,22620,0,1044,1
9999,0,22880,0,1056,1
9999,0,23140,0,1068,1
9999,0,23400,0,1080,1
9999,0,23660,0,1092,1
9999,0,23920,0,1104,1
9999,0,24180,0,1116,1
9999,0,24440,0,1128,1
9999,0,24700,0,1140,1
9999,0,24960,0,1152,1
9999,0,25220,0,1164,1
9999,0,25480,0,1176,1
9999,0,25740,0,1188,1
9999,672,0,0,-263.4,1
9999,896,0,0,-351.2,1
9999,1120,0,0,-439,1
9999,1344,0,0,-526.8,1
9999,1568,0,0,-614.6,1
9999,1792,0,0,-702.4,1
9999,2016,0,0,-790.2,1
9999,2240,0,0,-878,1
9999,2464,0,0,-965.8,1
9999,2688,0,0,9999053.6,1
9999,2912,0,0,9999141.4,1
9999,3136,0,0,9999229.2,1
9999,3360,0,0,9999317,1
9999,3584,0,0,9999404.8,1
9999,3808,0,0,9999492.6,1
9999,4032,0,0,9999580.4,1
9999,4256,0,0,9999668.2,1
9999,4480,0,0,9999756,1
9999,4704,0,0,9999843.8,1
9999,4928,0,0,9999931.6,1
9999,5152,0,0,-2019.4,1
9999,5376,0,0,-2107.2,1
9999,5600,0,0,-2195,1
9999,5824,0,0,-2282.8,1
9999,6048,0,0,-2370.6,1
9999,6272,0,0,-2458.4,1
9999,6496,0,0,-2546.2,1
9999,6720,0,0,-2634,1
9999,6944,0,0,-2721.8,1
9999,7168,0,0,-2809.6,1
9999,7392,0,0,-2897.4,1
9999,7616,0,0,-2985.2,1
9999,7840,0,0,-3073,1
9999,8064,0,0,-3160.8,1
9999,8288,0,0,-3248.6,1
9999,8512,0,0,-3336.4,1
9999,8736,0,0,-3424.2,1
9999,8960,0,0,-3512,1
9999,9184,0,0,-3599.8,1
9999,9408,0,0,-3687.6,1
9999,9632,0,0,-3775.4,1
9999,9856,0,0,-3863.2,1
9999,10080,0,0,-3951,1
9999,10304,0,0,-4038.8,1
9999,10528,0,0,-4126.6,1
9999,10752,0,0,-4214.4,1
9999,10976,0,0,-4302.2,1
9999,11200,0,0,-4390,1
9999,11424,0,0,-4477.8,1
9999,11648,0,0,-4565.6,1
9999,11872,0,0,-4653.4,1
9999,12096,0,0,-4741.2,1
9999,12320,0,0,-4829,1
9999,12544,0,0,-4916.8,1
9999,12768,0,0,-5004.6,1
9999,12992,0,0,-5092.4,1
9999,13216,0,0,-5180.2,1
9999,13440,0,0,-5268,1
9999,13664,0,0,-5355.8,1
9999,13888,0,0,-5443.6,1
9999,14112,0,0,-5531.4,1
9999,14336,0,0,-5619.2,1
9999,14560,0,0,-5707,1
9999,14784,0,0,-5794.8,1
9999,15008,0,0,-5882.6,1
9999,15232,0,0,-5970.4,1
9999,15456,0,0,-6058.2,1
9999,15680,0,0,-6146,1
9999,15904,0,0,-6233.8,1
9999,16128,0,0,-6321.6,1
9999,16352,0,0,-6409.4,1
9999,16576,0,0,-6497.2,1
9999,16800,0,0,-6585,1
9999,17024,0,0,-6672.8,1
9999,17248,0,0,-6760.6,1
9999,17472,0,0,-6848.4,1
9999,17696,0,0,-6936.2,1
9999,17920,0,0,-7024,1
9999,18144,0,0,-7111.8,1
9999,18368,0,0,-7199.6,1
9999,18592,0,0,-7287.4,1
9999,18816,0,0,-7375.2,1
9999,19040,0,0,-7463,1
9999,19264,0,0,-7550.8,1
9999,19488,0,0,-7638.6,1
9999,19712,0,0,-7726.4,1
9999,19936,0,0,-7814.2,1
9999,20160,0,0,-7902,1
9999,20384,0,0,-7989.8,1
9999,20608,0,0,-8077.6,1
9999,20832,0,0,-8165.4,1
9999,21056,0,0,-8253.2,1
9999,21280,0,0,-8341,1
9999,21504,0,0,-8428.8,1
9999,21728,0,0,-8516.6,1
9999,21952,0,0,-8604.4,1
9999,22176,0,0,-8692.2,1
9999,0,0,10.23,29.4,2
9999,0,0,13.64,39.2,2
9999,0,0,17.05,49,2
9999,0,0,20.46,58.8,2
9999,0,0,23.87,68.6,2
9999,0,0,27.28,78.4,2
9999,0,0,30.69,88.2,2
9999,0,0,34.1,98,2
9999,0,0,37.51,107.8,2
9999,0,0,40.92,117.6,2
9999,0,0,44.33,127.4,2
9999,0,0,47.74,137.2,2
9999,0,0,51.15,147,2
9999,0,0,54.56,156.8,2
9999,0,0,57.97,166.6,2
9999,0,0,61.38,176.4,2
9999,0,0,64.79,186.2,2
9999,0,0,68.2,196,2
9999,0,0,71.61,205.8,2
9999,0,0,75.02,215.6,2
9999,0,0,78.43,225.4,2
9999,0,0,81.84,235.2,2
9999,0,0,85.25,245,2
9999,0,0,88.66,254.8,2
9999,0,0,92.07,264.6,2
9999,0,0,95.48,274.4,2
9999,0,0,98.89,284.2,2
9999,0,0,102.3,294,2
9999,0,0,105.71,303.8,2
9999,0,0,109.12,313.6,2
9999,0,0,112.53,323.4,2
9999,0,0,115.94,333.2,2
9999,0,0,119.35,343,2
9999,0,0,122.76,352.8,2
9999,0,0,126.17,362.6,2
9999,0,0,129.58,372.4,2
9999,0,0,132.99,382.2,2
9999,0,0,136.4,392,2
9999,0,0,139.81,401.8,2
9999,0,0,143.22,411.6,2
9999,0,0,146.63,421.4,2
9999,0,0,150.04,431.2,2
9999,0,0,153.45,441,2
9999,0,0,156.86,450.8,2
9999,0,0,160.27,460.6,2
9999,0,0,163.68,470.4,2
9999,0,0,167.09,480.2,2
9999,0,0,170.5,490,2
9999,0,0,173.91,499.8,2
9999,0,0,177.32,509.6,2
9999,0,0,180.73,519.4,2
9999,0,0,184.14,529.2,2
9999,0,0,187.55,539,2
9999,0,0,190.96,548.8,2
9999,0,0,194.37,558.6,2
9999,0,0,197.78,568.4,2
9999,0,0,201.19,578.2,2
9999,0,0,204.6,588,2
9999,0,0,208.01,597.8,2
9999,0,0,211.42,607.6,2
9999,0,0,214.83,617.4,2
9999,0,0,218.24,627.2,2
9999,0,0,221.65,637,2
9999,0,0,225.06,646.8,2
9999,0,0,228.47,656.6,2
9999,0,0,231.88,666.4,2
9999,0,0,235.29,676.2,2
9999,0,0,238.7,686,2
9999,0,0,242.11,695.8,2
9999,0,0,245.52,705.6,2
9999,0,0,248.93,715.4,2
9999,0,0,252.34,725.2,2
9999,0,0,255.75,735,2
9999,0,0,259.16,744.8,2
9999,0,0,262.57,754.6,2
9999,0,0,265.98,764.4,2
9999,0,0,269.39,774.2,2
9999,0,0,272.8,784,2
9999,0,0,276.21,793.8,2
9999,0,0,279.62,803.6,2
9999,0,0,283.03,813.4,2
9999,0,0,286.44,823.2,2
9999,0,0,289.85,833,2
9999,0,0,293.26,842.8,2
9999,0,0,296.67,852.6,2
9999,0,0,300.08,862.4,2
9999,0,0,303.49,872.2,2
9999,0,0,306.9,882,2
9999,0,0,310.31,891.8,2
9999,0,0,313.72,901.6,2
9999,0,0,317.13,911.4,2
9999,0,0,320.54,921.2,2
9999,0,0,323.95,931,2
9999,0,0,327.36,940.8,2
9999,0,0,330.77,950.6,2
9999,0,0,334.18,960.4,2
9999,0,0,337.59,970.2,2
4095,0,264.9,0,9999,1
5460,0,353.2,0,9999,1
6825,0,441.5,0,9999,1
8190,0,529.8,0,9999,1
9555,0,618.1,0,9999,1
10920,0,706.4,0,9999,1
12285,0,794.7,0,9999,1
13650,0,883,0,9999,1
15015,0,971.3,0,9999,1
16380,0,1059.6,0,9999,1
17745,0,1147.9,0,9999,1
19110,0,1236.2,0,9999,1
20475,0,1324.5,0,9999,1
21840,0,1412.8,0,9999,1
23205,0,1501.1,0,9999,1
24570,0,1589.4,0,9999,1
25935,0,1677.7,0,9999,1
27300,0,1766,0,9999,1
28665,0,1854.3,0,9999,1
30030,0,1942.6,0,9999,1
31395,0,2030.9,0,9999,1
32760,0,2119.2,0,9999,1
34125,0,2207.5,0,9999,1
35490,0,2295.8,0,9999,1
36855,0,2384.1,0,9999,1
38220,0,2472.4,0,9999,1
39585,0,2560.7,0,9999,1
40950,0,2649,0,9999,1
42315,0,2737.3,0,9999,1
43680,0,2825.6,0,9999,1
45045,0,2913.9,0,9999,1
46410,0,3002.2,0,9999,1
47775,0,3090.5,0,9999,1
49140,0,3178.8,0,9999,1
50505,0,3267.1,0,9999,1
51870,0,3355.4,0,9999,1
53235,0,3443.7,0,9999,1
54600,0,3532,0,9999,1
55965,0,3620.3,0,9999,1
57330,0,3708.6,0,9999,1
58695,0,3796.9,0,9999,1
60060,0,3885.2,0,9999,1
61425,0,3973.5,0,9999,1
62790,0,4061.8,0,9999,1
64155,0,4150.1,0,9999,1
65520,0,4238.4,0,9999,1
66885,0,4326.7,0,9999,1
68250,0,4415,0,9999,1
69615,0,4503.3,0,9999,1
70980,0,4591.6,0,9999,1
72345,0,4679.9,0,9999,1
73710,0,4768.2,0,9999,1
75075,0,4856.5,0,9999,1
76440,0,4944.8,0,9999,1
77805,0,5033.1,0,9999,1
79170,0,5121.4,0,9999,1
80535,0,5209.7,0,9999,1
81900,0,5298,0,9999,1
83265,0,5386.3,0,9999,1
84630,0,5474.6,0,9999,1
85995,0,5562.9,0,9999,1
87360,0,5651.2,0,9999,1
88725,0,5739.5,0,9999,1
90090,0,5827.8,0,9999,1
91455,0,5916.1,0,9999,1
92820,0,6004.4,0,9999,1
94185,0,6092.7,0,9999,1
95550,0,6181,0,9999,1
96915,0,6269.3,0,9999,1
98280,0,6357.6,0,9999,1
99645,0,6445.9,0,9999,1
101010,0,6534.2,0,9999,1
102375,0,6622.5,0,9999,1
103740,0,6710.8,0,9999,1
105105,0,6799.1,0,9999,1
106470,0,6887.4,0,9999,1
107835,0,6975.7,0,9999,1
109200,0,7064,0,9999,1
110565,0,7152.3,0,9999,1
111930,0,7240.6,0,9999,1
113295,0,7328.9,0,9999,1
114660,0,7417.2,0,9999,1
116025,0,7505.5,0,9999,1
117390,0,7593.8,0,9999,1
118755,0,7682.1,0,9999,1
120120,0,7770.4,0,9999,1
121485,0,7858.7,0,9999,1
122850,0,7947,0,9999,1
124215,0,8035.3,0,9999,1
125580,0,8123.6,0,9999,1
126945,0,8211.9,0,9999,1
128310,0,8300.2,0,9999,1
129675,0,8388.5,0,9999,1
131040,0,8476.8,0,9999,1
132405,0,8565.1,0,9999,1
133770,0,8653.4,0,9999,1
135135,0,8741.7,0,9999,1
0,30,9999,9,29.4,0
0,40,9999,12,39.2,0
0,50,9999,15,49,0
0,60,9999,18,58.8,0
0,70,9999,21,68.6,0
0,80,9999,24,78.4,0
0,90,9999,27,88.2,0
0,100,9999,30,98,0
0,110,9999,33,107.8,0
0,120,9999,36,117.6,0
0,130,9999,39,127.4,0
0,140,9999,42,137.2,0
0,150,9999,45,147,0
0,160,9999,48,156.8,0
0,170,9999,51,166.6,0
0,180,9999,54,176.4,0
0,190,9999,57,186.2,0
0,200,9999,60,196,0
0,210,9999,63,205.8,0
0,220,9999,66,215.6,0
0,230,9999,69,225.4,0
0,240,9999,72,235.2,0
0,250,9999,75,245,0
0,260,9999,78,254.8,0
0,270,9999,81,264.6,0
0,280,9999,84,274.4,0
0,290,9999,87,284.2,0
0,300,9999,90,294,0
0,310,9999,93,303.8,0
0,320,9999,96,313.6,0
0,330,9999,99,323.4,0
0,340,9999,102,333.2,0
0,350,9999,105,343,0
0,360,9999,108,352.8,0
0,370,9999,111,362.6,0
0,380,9999,114,372.4,0
0,390,9999,117,382.2,0
0,400,9999,120,392,0
0,410,9999,123,401.8,0
0,420,9999,126,411.6,0
0,430,9999,129,421.4,0
0,440,9999,132,431.2,0
0,450,9999,135,441,0
0,460,9999,138,450.8,0
0,470,9999,141,460.6,0
0,480,9999,144,470.4,0
0,490,9999,147,480.2,0
0,500,9999,150,490,0
0,510,9999,153,499.8,0
0,520,9999,156,509.6,0
0,530,9999,159,519.4,0
0,540,9999,162,529.2,0
0,550,9999,165,539,0
0,560,9999,168,548.8,0
0,570,9999,171,558.6,0
0,580,9999,174,568.4,0
0,590,9999,177,578.2,0
0,600,9999,180,588,0
0,610,9999,183,597.8,0
0,620,9999,186,607.6,0
0,630,9999,189,617.4,0
0,640,9999,192,627.2,0
0,650,9999,195,637,0
0,660,9999,198,646.8,0
0,670,9999,201,656.6,0
0,680,9999,204,666.4,0
0,690,9999,207,676.2,0
0,700,9999,210,686,0
0,710,9999,213,695.8,0
0,720,9999,216,705.6,0
0,730,9999,219,715.4,0
0,740,9999,222,725.2,0
0,750,9999,225,735,0
0,760,9999,228,744.8,0
0,770,9999,231,754.6,0
0,780,9999,234,764.4,0
0,790,9999,237,774.2,0
0,800,9999,240,784,0
0,810,9999,243,793.8,0
0,820,9999,246,803.6,0
0,830,9999,249,813.4,0
0,840,9999,252,823.2,0
0,850,9999,255,833,0
0,860,9999,258,842.8,0
0,870,9999,261,852.6,0
0,880,9999,264,862.4,0
0,890,9999,267,872.2,0
0,900,9999,270,882,0
0,910,9999,273,891.8,0
0,920,9999,276,901.6,0
0,930,9999,279,911.4,0
0,940,9999,282,921.2,0
0,950,9999,285,931,0
0,960,9999,288,940.8,0
0,970,9999,291,950.6,0
0,980,9999,294,960.4,0
0,990,9999,297,970.2,0
9999,0,0,3,9.8,2
9999,0,0,6,19.6,2
9999,0,0,9,29.4,2
9999,0,0,12,39.2,2
9999,0,0,15,49,2
9999,0,0,18,58.8,2
9999,0,0,24,78.4,2
9999,0,0,27,88.2,2
9999,0,0,30,98,2
9999,0,0,33,107.8,2
9999,0,0,36,117.6,2
9999,0,0,39,127.4,2
9999,0,0,42,137.2,2
9999,0,0,45,147,2
9999,0,0,48,156.8,2
9999,0,0,51,166.6,2
9999,0,0,54,176.4,2
9999,0,0,57,186.2,2
9999,0,0,60,196,2
9999,0,0,63,205.8,2
9999,0,0,66,215.6,2
9999,0,0,69,225.4,2
9999,0,0,72,235.2,2
9999,0,0,75,245,2
9999,0,0,78,254.8,2
9999,0,0,81,264.6,2
9999,0,0,84,274.4,2
9999,0,0,87,284.2,2
9999,0,0,90,294,2
9999,0,0,93,303.8,2
9999,0,0,96,313.6,2
9999,0,0,99,323.4,2
9999,0,0,102,333.2,2
9999,0,0,105,343,2
9999,0,0,108,352.8,2
9999,0,0,111,362.6,2
9999,0,0,114,372.4,2
9999,0,0,117,382.2,2
9999,0,0,120,392,2
9999,0,0,123,401.8,2
9999,0,0,126,411.6,2
9999,0,0,129,421.4,2
9999,0,0,132,431.2,2
9999,0,0,135,441,2
9999,0,0,138,450.8,2
9999,0,0,141,460.6,2
9999,0,0,144,470.4,2
9999,0,0,147,480.2,2
9999,0,0,150,490,2
9999,0,0,153,499.8,2
9999,0,0,156,509.6,2
9999,0,0,159,519.4,2
9999,0,0,162,529.2,2
9999,0,0,165,539,2
9999,0,0,168,548.8,2
9999,0,0,171,558.6,2
9999,0,0,174,568.4,2
9999,0,0,177,578.2,2
9999,0,0,180,588,2
9999,0,0,183,597.8,2
9999,0,0,186,607.6,2
9999,0,0,189,617.4,2
9999,0,0,192,627.2,2
9999,0,0,195,637,2
9999,0,0,198,646.8,2
9999,0,0,201,656.6,2
9999,0,0,204,666.4,2
9999,0,0,207,676.2,2
9999,0,0,210,686,2
9999,0,0,213,695.8,2
9999,0,0,216,705.6,2
9999,0,0,219,715.4,2
9999,0,0,222,725.2,2
9999,0,0,225,735,2
9999,0,0,228,744.8,2
9999,0,0,231,754.6,2
9999,0,0,234,764.4,2
9999,0,0,237,774.2,2
9999,0,0,240,784,2
9999,0,0,243,793.8,2
9999,0,0,246,803.6,2
9999,0,0,249,813.4,2
9999,0,0,252,823.2,2
9999,0,0,255,833,2
9999,0,0,258,842.8,2
9999,0,0,261,852.6,2
9999,0,0,264,862.4,2
9999,0,0,267,872.2,2
9999,0,0,270,882,2
9999,0,0,273,891.8,2
9999,0,0,276,901.6,2
9999,0,0,279,911.4,2
9999,0,0,282,921.2,2
9999,0,0,285,931,2
9999,0,0,288,940.8,2
9999,0,0,291,950.6,2
9999,0,0,294,960.4,2
9999,0,0,297,970.2,2
9999,10,0,3,9.8,2
9999,30,0,9,29.4,2
9999,40,0,12,39.2,2
9999,50,0,15,49,2
9999,60,0,18,58.8,2
9999,70,0,21,68.6,2
9999,80,0,24,78.4,2
9999,90,0,27,88.2,2
9999,100,0,30,98,2
9999,110,0,33,107.8,2
9999,120,0,36,117.6,2
9999,130,0,39,127.4,2
9999,140,0,42,137.2,2
9999,150,0,45,147,2
9999,160,0,48,156.8,2
9999,170,0,51,166.6,2
9999,180,0,54,176.4,2
9999,190,0,57,186.2,2
9999,200,0,60,196,2
9999,210,0,63,205.8,2
9999,220,0,66,215.6,2
9999,230,0,69,225.4,2
9999,240,0,72,235.2,2
9999,250,0,75,245,2
9999,260,0,78,254.8,2
9999,270,0,81,264.6,2
9999,280,0,84,274.4,2
9999,290,0,87,284.2,2
9999,300,0,90,294,2
9999,310,0,93,303.8,2
9999,320,0,96,313.6,2
9999,330,0,99,323.4,2
9999,340,0,102,333.2,2
9999,350,0,105,343,2
9999,360,0,108,352.8,2
9999,370,0,111,362.6,2
9999,380,0,114,372.4,2
9999,390,0,117,382.2,2
9999,400,0,120,392,2
9999,410,0,123,401.8,2
9999,420,0,126,411.6,2
9999,430,0,129,421.4,2
9999,440,0,132,431.2,2
9999,450,0,135,441,2
9999,460,0,138,450.8,2
9999,470,0,141,460.6,2
9999,480,0,144,470.4,2
9999,490,0,147,480.2,2
9999,500,0,150,490,2
9999,510,0,153,499.8,2
9999,520,0,156,509.6,2
9999,530,0,159,519.4,2
9999,540,0,162,529.2,2
9999,550,0,165,539,2
9999,560,0,168,548.8,2
9999,570,0,171,558.6,2
9999,580,0,174,568.4,2
9999,590,0,177,578.2,2
9999,600,0,180,588,2
9999,610,0,183,597.8,2
9999,620,0,186,607.6,2
9999,630,0,189,617.4,2
9999,640,0,192,627.2,2
9999,650,0,195,637,2
9999,660,0,198,646.8,2
9999,670,0,201,656.6,2
9999,680,0,204,666.4,2
9999,690,0,207,676.2,2
9999,700,0,210,686,2
9999,710,0,213,695.8,2
9999,720,0,216,705.6,2
9999,730,0,219,715.4,2
9999,740,0,222,725.2,2
9999,750,0,225,735,2
9999,760,0,228,744.8,2
9999,770,0,231,754.6,2
9999,780,0,234,764.4,2
9999,790,0,237,774.2,2
9999,800,0,240,784,2
9999,810,0,243,793.8,2
9999,820,0,246,803.6,2
9999,830,0,249,813.4,2
9999,840,0,252,823.2,2
9999,850,0,255,833,2
9999,860,0,258,842.8,2
9999,870,0,261,852.6,2
9999,880,0,264,862.4,2
9999,890,0,267,872.2,2
9999,900,0,270,882,2
9999,910,0,273,891.8,2
9999,920,0,276,901.6,2
9999,930,0,279,911.4,2
9999,940,0,282,921.2,2
9999,950,0,285,931,2
9999,960,0,288,940.8,2
9999,970,0,291,950.6,2
9999,980,0,294,960.4,2
9999,990,0,297,970.2,2
9999,105,0,0,-42,1
9999,210,0,0,-84,1
9999,315,0,0,999926,1
9999,420,0,0,999968,1
9999,525,0,0,-210,1
9999,630,0,0,-252,1
9999,735,0,0,-294,1
9999,840,0,0,-336,1
9999,945,0,0,-378,1
9999,1050,0,0,-420,1
9999,1155,0,0,-462,1
9999,1260,0,0,-504,1
9999,1365,0,0,-546,1
9999,1470,0,0,-588,1
9999,1575,0,0,-630,1
9999,1680,0,0,-672,1
9999,1785,0,0,-714,1
9999,1890,0,0,-756,1
9999,1995,0,0,-798,1
9999,2100,0,0,-840,1
9999,2205,0,0,-882,1
9999,2310,0,0,-924,1
9999,2415,0,0,-966,1
9999,2520,0,0,9999008,1
9999,2625,0,0,9999050,1
9999,2730,0,0,9999092,1
9999,2835,0,0,9999134,1
9999,2940,0,0,9999176,1
9999,3045,0,0,9999218,1
9999,3150,0,0,9999260,1
9999,3255,0,0,9999302,1
9999,3360,0,0,9999344,1
9999,3465,0,0,9999386,1
9999,3570,0,0,9999428,1
9999,3675,0,0,9999470,1
9999,3780,0,0,9999512,1
9999,3885,0,0,9999554,1
9999,3990,0,0,9999596,1
9999,4095,0,0,9999638,1
9999,4200,0,0,9999680,1
9999,4305,0,0,9999722,1
9999,4410,0,0,9999764,1
9999,4515,0,0,9999806,1
9999,4620,0,0,9999848,1
9999,4725,0,0,9999890,1
9999,4830,0,0,9999932,1
9999,4935,0,0,9999974,1
9999,5040,0,0,-2016,1
9999,5145,0,0,-2058,1
9999,5250,0,0,-2100,1
9999,5355,0,0,-2142,1
9999,5460,0,0,-2184,1
9999,5565,0,0,-2226,1
9999,5670,0,0,-2268,1
9999,5775,0,0,-2310,1
9999,5880,0,0,-2352,1
9999,5985,0,0,-2394,1
9999,6090,0,0,-2436,1
9999,6195,0,0,-2478,1
9999,6300,0,0,-2520,1
9999,6405,0,0,-2562,1
9999,6510,0,0,-2604,1
9999,6615,0,0,-2646,1
9999,6720,0,0,-2688,1
9999,6825,0,0,-2730,1
9999,6930,0,0,-2772,1
9999,7035,0,0,-2814,1
9999,7140,0,0,-2856,1
9999,7245,0,0,-2898,1
9999,7350,0,0,-2940,1
9999,7455,0,0,-2982,1
9999,7560,0,0,-3024,1
9999,7665,0,0,-3066,1
9999,7770,0,0,-3108,1
9999,7875,0,0,-3150,1
9999,7980,0,0,-3192,1
9999,8085,0,0,-3234,1
9999,8190,0,0,-3276,1
9999,8295,0,0,-3318,1
9999,8400,0,0,-3360,1
9999,8505,0,0,-3402,1
9999,8610,0,0,-3444,1
9999,8715,0,0,-3486,1
9999,8820,0,0,-3528,1
9999,8925,0,0,-3570,1
9999,9030,0,0,-3612,1
9999,9135,0,0,-3654,1
9999,9240,0,0,-3696,1
9999,9345,0,0,-3738,1
9999,9450,0,0,-3780,1
9999,9555,0,0,-3822,1
9999,9660,0,0,-3864,1
9999,9765,0,0,-3906,1
9999,9870,0,0,-3948,1
9999,9975,0,0,-3990,1
9999,10080,0,0,-4032,1
9999,10185,0,0,-4074,1
9999,10290,0,0,-4116,1
9999,10395,0,0,-4158,1
9999,28,0,35,84,2
9999,56,0,70,168,2
9999,84,0,105,252,2
9999,112,0,140,336,2
9999,140,0,175,420,2
9999,168,0,210,504,2
9999,196,0,245,588,2
9999,224,0,280,672,2
9999,252,0,315,756,2
9999,280,0,350,840,2
9999,308,0,385,924,2
9999,336,0,420,1008,2
9999,364,0,455,1092,2
9999,392,0,490,1176,2
9999,420,0,525,1260,2
9999,448,0,560,1344,2
9999,476,0,595,1428,2
9999,504,0,630,1512,2
9999,532,0,665,1596,2
9999,560,0,700,1680,2
9999,588,0,735,1764,2
9999,616,0,770,1848,2
9999,644,0,805,1932,2
9999,672,0,840,2016,2
9999,700,0,875,2100,2
9999,728,0,910,2184,2
9999,756,0,945,2268,2
9999,784,0,980,2352,2
9999,812,0,1015,2436,2
9999,840,0,1050,2520,2
9999,868,0,1085,2604,2
9999,896,0,1120,2688,2
9999,924,0,1155,2772,2
9999,952,0,1190,2856,2
9999,980,0,1225,2940,2
9999,1008,0,1260,3024,2
9999,1036,0,1295,3108,2
9999,1064,0,1330,3192,2
9999,1092,0,1365,3276,2
9999,1120,0,1400,3360,2
9999,1148,0,1435,3444,2
9999,1176,0,1470,3528,2
9999,1204,0,1505,3612,2
9999,1232,0,1540,3696,2
9999,1260,0,1575,3780,2
9999,1288,0,1610,3864,2
9999,1316,0,1645,3948,2
9999,1344,0,1680,4032,2
9999,1372,0,1715,4116,2
9999,1400,0,1750,4200,2
9999,1428,0,1785,4284,2
9999,1456,0,1820,4368,2
9999,1484,0,1855,4452,2
9999,1512,0,1890,4536,2
9999,1540,0,1925,4620,2
9999,1568,0,1960,4704,2
9999,1596,0,1995,4788,2
9999,1624,0,2030,4872,2
9999,1652,0,2065,4956,2
9999,1680,0,2100,5040,2
9999,1708,0,2135,5124,2
9999,1736,0,2170,5208,2
9999,1764,0,2205,5292,2
9999,1792,0,2240,5376,2
9999,1820,0,2275,5460,2
9999,1848,0,2310,5544,2
9999,1876,0,2345,5628,2
9999,1904,0,2380,5712,2
9999,1932,0,2415,5796,2
9999,1960,0,2450,5880,2
9999,1988,0,2485,5964,2
9999,2016,0,2520,6048,2
9999,2044,0,2555,6132,2
9999,2072,0,2590,6216,2
9999,2100,0,2625,6300,2
9999,2128,0,2660,6384,2
9999,2156,0,2695,6468,2
9999,2184,0,2730,6552,2
9999,2212,0,2765,6636,2
9999,2240,0,2800,6720,2
9999,2268,0,2835,6804,2
9999,2296,0,2870,6888,2
9999,2324,0,2905,6972,2
9999,2352,0,2940,7056,2
9999,2380,0,2975,7140,2
9999,2408,0,3010,7224,2
9999,2436,0,3045,7308,2
9999,2464,0,3080,7392,2
9999,2492,0,3115,7476,2
9999,2520,0,3150,7560,2
9999,2548,0,3185,7644,2
9999,2576,0,3220,7728,2
9999,2604,0,3255,7812,2
9999,2632,0,3290,7896,2
9999,2660,0,3325,7980,2
9999,2688,0,3360,8064,2
9999,2716,0,3395,8148,2
9999,2744,0,3430,8232,2
9999,2772,0,3465,8316,2
8,32,0,0,9999,1
16,64,0,0,9999,1
24,96,0,0,9999,1
32,128,0,0,9999,1
40,160,0,0,9999,1
48,192,0,0,9999,1
56,224,0,0,9999,1
64,256,0,0,9999,1
72,288,0,0,9999,1
80,320,0,0,9999,1
88,352,0,0,9999,1
96,384,0,0,9999,1
104,416,0,0,9999,1
112,448,0,0,9999,1
120,480,0,0,9999,1
128,512,0,0,9999,1
136,544,0,0,9999,1
144,576,0,0,9999,1
152,608,0,0,9999,1
160,640,0,0,9999,1
168,672,0,0,9999,1
176,704,0,0,9999,1
184,736,0,0,9999,1
192,768,0,0,9999,1
200,800,0,0,9999,1
208,832,0,0,9999,1
216,864,0,0,9999,1
224,896,0,0,9999,1
232,928,0,0,9999,1
240,960,0,0,9999,1
248,992,0,0,9999,1
256,1024,0,0,9999,1
264,1056,0,0,9999,1
272,1088,0,0,9999,1
280,1120,0,0,9999,1
288,1152,0,0,9999,1
296,1184,0,0,9999,1
304,1216,0,0,9999,1
312,1248,0,0,9999,1
320,1280,0,0,9999,1
328,1312,0,0,9999,1
336,1344,0,0,9999,1
344,1376,0,0,9999,1
352,1408,0,0,9999,1
360,1440,0,0,9999,1
368,1472,0,0,9999,1
376,1504,0,0,9999,1
384,1536,0,0,9999,1
392,1568,0,0,9999,1
400,1600,0,0,9999,1
408,1632,0,0,9999,1
416,1664,0,0,9999,1
424,1696,0,0,9999,1
432,1728,0,0,9999,1
440,1760,0,0,9999,1
448,1792,0,0,9999,1
456,1824,0,0,9999,1
464,1856,0,0,9999,1
472,1888,0,0,9999,1
480,1920,0,0,9999,1
488,1952,0,0,9999,1
496,1984,0,0,9999,1
504,2016,0,0,9999,1
512,2048,0,0,9999,1
520,2080,0,0,9999,1
528,2112,0,0,9999,1
536,2144,0,0,9999,1
544,2176,0,0,9999,1
552,2208,0,0,9999,1
560,2240,0,0,9999,1
568,2272,0,0,9999,1
576,2304,0,0,9999,1
584,2336,0,0,9999,1
592,2368,0,0,9999,1
600,2400,0,0,9999,1
608,2432,0,0,9999,1
616,2464,0,0,9999,1
624,2496,0,0,9999,1
632,2528,0,0,9999,1
640,2560,0,0,9999,1
648,2592,0,0,9999,1
656,2624,0,0,9999,1
664,2656,0,0,9999,1
672,2688,0,0,9999,1
680,2720,0,0,9999,1
688,2752,0,0,9999,1
696,2784,0,0,9999,1
704,2816,0,0,9999,1
712,2848,0,0,9999,1
720,2880,0,0,9999,1
728,2912,0,0,9999,1
736,2944,0,0,9999,1
744,2976,0,0,9999,1
752,3008,0,0,9999,1
760,3040,0,0,9999,1
768,3072,0,0,9999,1
776,3104,0,0,9999,1
784,3136,0,0,9999,1
792,3168,0,0,9999,1
50,350,0,0,9999,1
100,700,0,0,9999,1
150,1050,0,0,9999,1
200,1400,0,0,9999,1
250,1750,0,0,9999,1
300,2100,0,0,9999,1
350,2450,0,0,9999,1
400,2800,0,0,9999,1
450,3150,0,0,9999,1
500,3500,0,0,9999,1
550,3850,0,0,9999,1
600,4200,0,0,9999,1
650,4550,0,0,9999,1
700,4900,0,0,9999,1
750,5250,0,0,9999,1
800,5600,0,0,9999,1
850,5950,0,0,9999,1
900,6300,0,0,9999,1
950,6650,0,0,9999,1
1000,7000,0,0,9999,1
1050,7350,0,0,9999,1
1100,7700,0,0,9999,1
1150,8050,0,0,9999,1
1200,8400,0,0,9999,1
1250,8750,0,0,9999,1
1300,9100,0,0,9999,1
1350,9450,0,0,9999,1
1400,9800,0,0,9999,1
1450,10150,0,0,9999,1
1500,10500,0,0,9999,1
1550,10850,0,0,9999,1
1600,11200,0,0,9999,1
1650,11550,0,0,9999,1
1700,11900,0,0,9999,1
1750,12250,0,0,9999,1
1800,12600,0,0,9999,1
1850,12950,0,0,9999,1
1900,13300,0,0,9999,1
1950,13650,0,0,9999,1
2000,14000,0,0,9999,1
2050,14350,0,0,9999,1
2100,14700,0,0,9999,1
2150,15050,0,0,9999,1
2200,15400,0,0,9999,1
2250,15750,0,0,9999,1
2300,16100,0,0,9999,1
2350,16450,0,0,9999,1
2400,16800,0,0,9999,1
2450,17150,0,0,9999,1
2500,17500,0,0,9999,1
2550,17850,0,0,9999,1
2600,18200,0,0,9999,1
2650,18550,0,0,9999,1
2700,18900,0,0,9999,1
2750,19250,0,0,9999,1
2800,19600,0,0,9999,1
2850,19950,0,0,9999,1
2900,20300,0,0,9999,1
2950,20650,0,0,9999,1
3000,21000,0,0,9999,1
3050,21350,0,0,9999,1
3100,21700,0,0,9999,1
3150,22050,0,0,9999,1
3200,22400,0,0,9999,1
3250,22750,0,0,9999,1
3300,23100,0,0,9999,1
3350,23450,0,0,9999,1
3400,23800,0,0,9999,1
3450,24150,0,0,9999,1
3500,24500,0,0,9999,1
3550,24850,0,0,9999,1
3600,25200,0,0,9999,1
3650,25550,0,0,9999,1
3700,25900,0,0,9999,1
3750,26250,0,0,9999,1
3800,26600,0,0,9999,1
3850,26950,0,0,9999,1
3900,27300,0,0,9999,1
3950,27650,0,0,9999,1
4000,28000,0,0,9999,1
4050,28350,0,0,9999,1
4100,28700,0,0,9999,1
4150,29050,0,0,9999,1
4200,29400,0,0,9999,1
4250,29750,0,0,9999,1
4300,30100,0,0,9999,1
4350,30450,0,0,9999,1
4400,30800,0,0,9999,1
4450,31150,0,0,9999,1
4500,31500,0,0,9999,1
4550,31850,0,0,9999,1
4600,32200,0,0,9999,1
4650,32550,0,0,9999,1
4700,32900,0,0,9999,1
4750,33250,0,0,9999,1
4800,33600,0,0,9999,1
4850,33950,0,0,9999,1
4900,34300,0,0,9999,1
4950,34650,0,0,9999,1
9999,166.5,414.9,0,100.53,1
9999,499.5,1244.7,0,301.59,1
9999,666,1659.6,0,402.12,1
9999,832.5,2074.5,0,502.65,1
9999,999,2489.4,0,603.18,1
9999,1165.5,2904.3,0,703.71,1
9999,1332,3319.2,0,804.24,1
9999,1498.5,3734.1,0,904.77,1
9999,1665,4149,0,1005.3,1
9999,1831.5,4563.9,0,1105.83,1
9999,1998,4978.8,0,1206.36,1
9999,2164.5,5393.7,0,1306.89,1
9999,2331,5808.6,0,1407.42,1
9999,2497.5,6223.5,0,1507.95,1
9999,2664,6638.4,0,1608.48,1
9999,2830.5,7053.3,0,1709.01,1
9999,2997,7468.2,0,1809.54,1
9999,3163.5,7883.1,0,1910.07,1
9999,3330,8298,0,2010.6,1
9999,3496.5,8712.9,0,2111.13,1
9999,3663,9127.8,0,2211.66,1
9999,3829.5,9542.7,0,2312.19,1
9999,3996,9957.6,0,2412.72,1
9999,4162.5,10372.5,0,2513.25,1
9999,4329,10787.4,0,2613.78,1
9999,4495.5,11202.3,0,2714.31,1
9999,4662,11617.2,0,2814.84,1
9999,4828.5,12032.1,0,2915.37,1
9999,4995,12447,0,3015.9,1
9999,5161.5,12861.9,0,3116.43,1
9999,5328,13276.8,0,3216.96,1
9999,5494.5,13691.7,0,3317.49,1
9999,5661,14106.6,0,3418.02,1
9999,5827.5,14521.5,0,3518.55,1
9999,5994,14936.4,0,3619.08,1
9999,6160.5,15351.3,0,3719.61,1
9999,6327,15766.2,0,3820.14,1
9999,6493.5,16181.1,0,3920.67,1
9999,6660,16596,0,4021.2,1
9999,6826.5,17010.9,0,4121.73,1
9999,6993,17425.8,0,4222.26,1
9999,7159.5,17840.7,0,4322.79,1
9999,7326,18255.6,0,4423.32,1
9999,7492.5,18670.5,0,4523.85,1
9999,7659,19085.4,0,4624.38,1
9999,7825.5,19500.3,0,4724.91,1
9999,7992,19915.2,0,4825.44,1
9999,8158.5,20330.1,0,4925.97,1
9999,8325,20745,0,5026.5,1
9999,8491.5,21159.9,0,5127.03,1
9999,8658,21574.8,0,5227.56,1
9999,8824.5,21989.7,0,5328.09,1
9999,8991,22404.6,0,5428.62,1
9999,9157.5,22819.5,0,5529.15,1
9999,9324,23234.4,0,5629.68,1
9999,9490.5,23649.3,0,5730.21,1
9999,9657,24064.2,0,5830.74,1
9999,9823.5,24479.1,0,5931.27,1
9999,9990,24894,0,6031.8,1
9999,10156.5,25308.9,0,6132.33,1
9999,10323,25723.8,0,6232.86,1
9999,10489.5,26138.7,0,6333.39,1
9999,10656,26553.6,0,6433.92,1
9999,10822.5,26968.5,0,6534.45,1
9999,10989,27383.4,0,6634.98,1
9999,11155.5,27798.3,0,6735.51,1
9999,11322,28213.2,0,6836.04,1
9999,11488.5,28628.1,0,6936.57,1
9999,11655,29043,0,7037.1,1
9999,11821.5,29457.9,0,7137.63,1
9999,11988,29872.8,0,7238.16,1
9999,12154.5,30287.7,0,7338.69,1
9999,12321,30702.6,0,7439.22,1
9999,12487.5,31117.5,0,7539.75,1
9999,12654,31532.4,0,7640.28,1
9999,12820.5,31947.3,0,7740.81,1
9999,12987,32362.2,0,7841.34,1
9999,13153.5,32777.1,0,7941.87,1
9999,13320,33192,0,8042.4,1
9999,13486.5,33606.9,0,8142.93,1
9999,13653,34021.8,0,8243.46,1
9999,13819.5,34436.7,0,8343.99,1
9999,13986,34851.6,0,8444.52,1
9999,14152.5,35266.5,0,8545.05,1
9999,14319,35681.4,0,8645.58,1
9999,14485.5,36096.3,0,8746.11,1
9999,14652,36511.2,0,8846.64,1
9999,14818.5,36926.1,0,8947.17,1
9999,14985,37341,0,9047.7,1
9999,15151.5,37755.9,0,9148.23,1
9999,15318,38170.8,0,9248.76,1
9999,15484.5,38585.7,0,9349.29,1
9999,15651,39000.6,0,9449.82,1
9999,15817.5,39415.5,0,9550.35,1
9999,15984,39830.4,0,9650.88,1
9999,16150.5,40245.3,0,9751.41,1
9999,16317,40660.2,0,9851.94,1
9999,16483.5,41075.1,0,9952.47,1
0,0,9999,28,28,0
0,0,9999,56,56,0
0,0,9999,84,84,0
0,0,9999,112,112,0
0,0,9999,140,140,0
0,0,9999,168,168,0
0,0,9999,196,196,0
0,0,9999,224,224,0
0,0,9999,252,252,0
0,0,9999,280,280,0
0,0,9999,308,308,0
0,0,9999,336,336,0
0,0,9999,364,364,0
0,0,9999,392,392,0
0,0,9999,420,420,0
0,0,9999,448,448,0
0,0,9999,476,476,0
0,0,9999,504,504,0
0,0,9999,532,532,0
0,0,9999,560,560,0
0,0,9999,588,588,0
0,0,9999,616,616,0
0,0,9999,644,644,0
0,0,9999,672,672,0
0,0,9999,700,700,0
0,0,9999,728,728,0
0,0,9999,756,756,0
0,0,9999,784,784,0
0,0,9999,812,812,0
0,0,9999,840,840,0
0,0,9999,868,868,0
0,0,9999,896,896,0
0,0,9999,924,924,0
0,0,9999,952,952,0
0,0,9999,980,980,0
0,0,9999,1008,1008,0
0,0,9999,1036,1036,0
0,0,9999,1064,1064,0
0,0,9999,1092,1092,0
0,0,9999,1120,1120,0
0,0,9999,1148,1148,0
0,0,9999,1176,1176,0
0,0,9999,1204,1204,0
0,0,9999,1232,1232,0
0,0,9999,1260,1260,0
0,0,9999,1288,1288,0
0,0,9999,1316,1316,0
0,0,9999,1344,1344,0
0,0,9999,1372,1372,0
0,0,9999,1400,1400,0
0,0,9999,1428,1428,0
0,0,9999,1456,1456,0
0,0,9999,1484,1484,0
0,0,9999,1512,1512,0
0,0,9999,1540,1540,0
0,0,9999,1568,1568,0
0,0,9999,1596,1596,0
0,0,9999,1624,1624,0
0,0,9999,1652,1652,0
0,0,9999,1680,1680,0
0,0,9999,1708,1708,0
0,0,9999,1736,1736,0
0,0,9999,1764,1764,0
0,0,9999,1792,1792,0
0,0,9999,1820,1820,0
0,0,9999,1848,1848,0
0,0,9999,1876,1876,0
0,0,9999,1904,1904,0
0,0,9999,1932,1932,0
0,0,9999,1960,1960,0
0,0,9999,1988,1988,0
0,0,9999,2016,2016,0
0,0,9999,2044,2044,0
0,0,9999,2072,2072,0
0,0,9999,2100,2100,0
0,0,9999,2128,2128,0
0,0,9999,2156,2156,0
0,0,9999,2184,2184,0
0,0,9999,2212,2212,0
0,0,9999,2240,2240,0
0,0,9999,2268,2268,0
0,0,9999,2296,2296,0
0,0,9999,2324,2324,0
0,0,9999,2352,2352,0
0,0,9999,2380,2380,0
0,0,9999,2408,2408,0
0,0,9999,2436,2436,0
0,0,9999,2464,2464,0
0,0,9999,2492,2492,0
0,0,9999,2520,2520,0
0,0,9999,2548,2548,0
0,0,9999,2576,2576,0
0,0,9999,2604,2604,0
0,0,9999,2632,2632,0
0,0,9999,2660,2660,0
0,0,9999,2688,2688,0
0,0,9999,2716,2716,0
0,0,9999,2744,2744,0
0,0,9999,2772,2772,0
0,0,5,2,9999,0
0,0,10,4,9999,0
0,0,15,6,9999,0
0,0,20,8,9999,0
0,0,25,10,9999,0
0,0,30,12,9999,0
0,0,35,14,9999,0
0,0,40,16,9999,0
0,0,45,18,9999,0
0,0,50,20,9999,0
0,0,55,22,9999,0
0,0,60,24,9999,0
0,0,65,26,9999,0
0,0,70,28,9999,0
0,0,75,30,9999,0
0,0,80,32,9999,0
0,0,85,34,9999,0
0,0,90,36,9999,0
0,0,95,38,9999,0
0,0,100,40,9999,0
0,0,105,42,9999,0
0,0,110,44,9999,0
0,0,115,46,9999,0
0,0,120,48,9999,0
0,0,125,50,9999,0
0,0,130,52,9999,0
0,0,135,54,9999,0
0,0,140,56,9999,0
0,0,145,58,9999,0
0,0,150,60,9999,0
0,0,155,62,9999,0
0,0,160,64,9999,0
0,0,165,66,9999,0
0,0,170,68,9999,0
0,0,175,70,9999,0
0,0,180,72,9999,0
0,0,185,74,9999,0
0,0,190,76,9999,0
0,0,195,78,9999,0
0,0,200,80,9999,0
0,0,205,82,9999,0
0,0,210,84,9999,0
0,0,215,86,9999,0
0,0,220,88,9999,0
0,0,225,90,9999,0
0,0,230,92,9999,0
0,0,235,94,9999,0
0,0,240,96,9999,0
0,0,245,98,9999,0
0,0,250,100,9999,0
0,0,255,102,9999,0
0,0,260,104,9999,0
0,0,265,106,9999,0
0,0,270,108,9999,0
0,0,275,110,9999,0
0,0,280,112,9999,0
0,0,285,114,9999,0
0,0,290,116,9999,0
0,0,295,118,9999,0
0,0,300,120,9999,0
0,0,305,122,9999,0
0,0,310,124,9999,0
0,0,315,126,9999,0
0,0,320,128,9999,0
0,0,325,130,9999,0
0,0,330,132,9999,0
0,0,335,134,9999,0
0,0,340,136,9999,0
0,0,345,138,9999,0
0,0,350,140,9999,0
0,0,355,142,9999,0
0,0,360,144,9999,0
0,0,365,146,9999,0
0,0,370,148,9999,0
0,0,375,150,9999,0
0,0,380,152,9999,0
0,0,385,154,9999,0
0,0,390,156,9999,0
0,0,395,158,9999,0
0,0,400,160,9999,0
0,0,405,162,9999,0
0,0,410,164,9999,0
0,0,415,166,9999,0
0,0,420,168,9999,0
0,0,425,170,9999,0
0,0,430,172,9999,0
0,0,435,174,9999,0
0,0,440,176,9999,0
0,0,445,178,9999,0
0,0,450,180,9999,0
0,0,455,182,9999,0
0,0,460,184,9999,0
0,0,465,186,9999,0
0,0,470,188,9999,0
0,0,475,190,9999,0
0,0,480,192,9999,0
0,0,485,194,9999,0
0,0,490,196,9999,0
0,0,495,198,9999,0
9999,50,0,0,-9.8,1
9999,100,0,0,99999.6,1
9999,150,0,0,-29.4,1
9999,200,0,0,-39.2,1
9999,250,0,0,-49,1
9999,300,0,0,-58.8,1
9999,350,0,0,-68.6,1
9999,400,0,0,-78.4,1
9999,450,0,0,-88.2,1
9999,500,0,0,-98,1
9999,550,0,0,999907.8,1
9999,600,0,0,999917.6,1
9999,650,0,0,999927.4,1
9999,700,0,0,999937.2,1
9999,750,0,0,999947,1
9999,800,0,0,999956.8,1
9999,850,0,0,999966.6,1
9999,900,0,0,999976.4,1
9999,950,0,0,999986.2,1
9999,1000,0,0,999996,1
9999,1050,0,0,-205.8,1
9999,1100,0,0,-215.6,1
9999,1150,0,0,-225.4,1
9999,1200,0,0,-235.2,1
9999,1250,0,0,-245,1
9999,1300,0,0,-254.8,1
9999,1350,0,0,-264.6,1
9999,1400,0,0,-274.4,1
9999,1450,0,0,-284.2,1
9999,1500,0,0,-294,1
9999,1550,0,0,-303.8,1
9999,1600,0,0,-313.6,1
9999,1650,0,0,-323.4,1
9999,1700,0,0,-333.2,1
9999,1750,0,0,-343,1
9999,1800,0,0,-352.8,1
9999,1850,0,0,-362.6,1
9999,1900,0,0,-372.4,1
9999,1950,0,0,-382.2,1
9999,2000,0,0,-392,1
9999,2050,0,0,-401.8,1
9999,2100,0,0,-411.6,1
9999,2150,0,0,-421.4,1
9999,2200,0,0,-431.2,1
9999,2250,0,0,-441,1
9999,2300,0,0,-450.8,1
9999,2350,0,0,-460.6,1
9999,2400,0,0,-470.4,1
9999,2450,0,0,-480.2,1
9999,2500,0,0,-490,1
9999,2550,0,0,-499.8,1
9999,2600,0,0,-509.6,1
9999,2650,0,0,-519.4,1
9999,2700,0,0,-529.2,1
9999,2750,0,0,-539,1
9999,2800,0,0,-548.8,1
9999,2850,0,0,-558.6,1
9999,2900,0,0,-568.4,1
9999,2950,0,0,-578.2,1
9999,3000,0,0,-588,1
9999,3050,0,0,-597.8,1
9999,3100,0,0,-607.6,1
9999,3150,0,0,-617.4,1
9999,3200,0,0,-627.2,1
9999,3250,0,0,-637,1
9999,3300,0,0,-646.8,1
9999,3350,0,0,-656.6,1
9999,3400,0,0,-666.4,1
9999,3450,0,0,-676.2,1
9999,3500,0,0,-686,1
9999,3550,0,0,-695.8,1
9999,3600,0,0,-705.6,1
9999,3650,0,0,-715.4,1
9999,3700,0,0,-725.2,1
9999,3750,0,0,-735,1
9999,3800,0,0,-744.8,1
9999,3850,0,0,-754.6,1
9999,3900,0,0,-764.4,1
9999,3950,0,0,-774.2,1
9999,4000,0,0,-784,1
9999,4050,0,0,-793.8,1
9999,4100,0,0,-803.6,1
9999,4150,0,0,-813.4,1
9999,4200,0,0,-823.2,1
9999,4250,0,0,-833,1
9999,4300,0,0,-842.8,1
9999,4350,0,0,-852.6,1
9999,4400,0,0,-862.4,1
9999,4450,0,0,-872.2,1
9999,4500,0,0,-882,1
9999,4550,0,0,-891.8,1
9999,4600,0,0,-901.6,1
9999,4650,0,0,-911.4,1
9999,4700,0,0,-921.2,1
9999,4750,0,0,-931,1
9999,4800,0,0,-940.8,1
9999,4850,0,0,-950.6,1
9999,4900,0,0,-960.4,1
9999,4950,0,0,-970.2,1
0,50,0,9999,-9.8,0
0,100,0,9999,99999.6,0
0,150,0,9999,-29.4,0
0,200,0,9999,-39.2,0
0,250,0,9999,-49,0
0,300,0,9999,-58.8,0
0,350,0,9999,-68.6,0
0,400,0,9999,-78.4,0
0,450,0,9999,-88.2,0
0,500,0,9999,-98,0
0,550,0,9999,999907.8,0
0,600,0,9999,999917.6,0
0,650,0,9999,999927.4,0
0,700,0,9999,999937.2,0
0,750,0,9999,999947,0
0,800,0,9999,999956.8,0
0,850,0,9999,999966.6,0
0,900,0,9999,999976.4,0
0,950,0,9999,999986.2,0
0,1000,0,9999,999996,0
0,1050,0,9999,-205.8,0
0,1100,0,9999,-215.6,0
0,1150,0,9999,-225.4,0
0,1200,0,9999,-235.2,0
0,1250,0,9999,-245,0
0,1300,0,9999,-254.8,0
0,1350,0,9999,-264.6,0
0,1400,0,9999,-274.4,0
0,1450,0,9999,-284.2,0
0,1500,0,9999,-294,0
0,1550,0,9999,-303.8,0
0,1600,0,9999,-313.6,0
0,1650,0,9999,-323.4,0
0,1700,0,9999,-333.2,0
0,1750,0,9999,-343,0
0,1800,0,9999,-352.8,0
0,1850,0,9999,-362.6,0
0,1900,0,9999,-372.4,0
0,1950,0,9999,-382.2,0
0,2000,0,9999,-392,0
0,2050,0,9999,-401.8,0
0,2100,0,9999,-411.6,0
0,2150,0,9999,-421.4,0
0,2200,0,9999,-431.2,0
0,2250,0,9999,-441,0
0,2300,0,9999,-450.8,0
0,2350,0,9999,-460.6,0
0,2400,0,9999,-470.4,0
0,2450,0,9999,-480.2,0
0,2500,0,9999,-490,0
0,2550,0,9999,-499.8,0
0,2600,0,9999,-509.6,0
0,2650,0,9999,-519.4,0
0,2700,0,9999,-529.2,0
0,2750,0,9999,-539,0
0,2800,0,9999,-548.8,0
0,2850,0,9999,-558.6,0
0,2900,0,9999,-568.4,0
0,2950,0,9999,-578.2,0
0,3000,0,9999,-588,0
0,3050,0,9999,-597.8,0
0,3100,0,9999,-607.6,0
0,3150,0,9999,-617.4,0
0,3200,0,9999,-627.2,0
0,3250,0,9999,-637,0
0,3300,0,9999,-646.8,0
0,3350,0,9999,-656.6,0
0,3400,0,9999,-666.4,0
0,3450,0,9999,-676.2,0
0,3500,0,9999,-686,0
0,3550,0,9999,-695.8,0
0,3600,0,9999,-705.6,0
0,3650,0,9999,-715.4,0
0,3700,0,9999,-725.2,0
0,3750,0,9999,-735,0
0,3800,0,9999,-744.8,0
0,3850,0,9999,-754.6,0
0,3900,0,9999,-764.4,0
0,3950,0,9999,-774.2,0
0,4000,0,9999,-784,0
0,4050,0,9999,-793.8,0
0,4100,0,9999,-803.6,0
0,4150,0,9999,-813.4,0
0,4200,0,9999,-823.2,0
0,4250,0,9999,-833,0
0,4300,0,9999,-842.8,0
0,4350,0,9999,-852.6,0
0,4400,0,9999,-862.4,0
0,4450,0,9999,-872.2,0
0,4500,0,9999,-882,0
0,4550,0,9999,-891.8,0
0,4600,0,9999,-901.6,0
0,4650,0,9999,-911.4,0
0,4700,0,9999,-921.2,0
0,4750,0,9999,-931,0
0,4800,0,9999,-940.8,0
0,4850,0,9999,-950.6,0
0,4900,0,9999,-960.4,0
0,4950,0,9999,-970.2,0
0,9999,16,7,2,0
0,9999,32,14,4,0
0,9999,64,28,8,0
0,9999,80,35,10,0
0,9999,96,42,12,0
0,9999,112,49,14,0
0,9999,128,56,16,0
0,9999,144,63,18,0
0,9999,160,70,20,0
0,9999,176,77,22,0
0,9999,192,84,24,0
0,9999,208,91,26,0
0,9999,224,98,28,0
0,9999,240,105,30,0
0,9999,256,112,32,0
0,9999,272,119,34,0
0,9999,288,126,36,0
0,9999,304,133,38,0
0,9999,320,140,40,0
0,9999,336,147,42,0
0,9999,352,154,44,0
0,9999,368,161,46,0
0,9999,384,168,48,0
0,9999,400,175,50,0
0,9999,416,182,52,0
0,9999,432,189,54,0
0,9999,448,196,56,0
0,9999,464,203,58,0
0,9999,480,210,60,0
0,9999,496,217,62,0
0,9999,512,224,64,0
0,9999,528,231,66,0
0,9999,544,238,68,0
0,9999,560,245,70,0
0,9999,576,252,72,0
0,9999,592,259,74,0
0,9999,608,266,76,0
0,9999,624,273,78,0
0,9999,640,280,80,0
0,9999,656,287,82,0
0,9999,672,294,84,0
0,9999,688,301,86,0
0,9999,704,308,88,0
0,9999,720,315,90,0
0,9999,736,322,92,0
0,9999,752,329,94,0
0,9999,768,336,96,0
0,9999,784,343,98,0
0,9999,800,350,100,0
0,9999,816,357,102,0
0,9999,832,364,104,0
0,9999,848,371,106,0
0,9999,864,378,108,0
0,9999,880,385,110,0
0,9999,896,392,112,0
0,9999,912,399,114,0
0,9999,928,406,116,0
0,9999,944,413,118,0
0,9999,960,420,120,0
0,9999,976,427,122,0
0,9999,992,434,124,0
0,9999,1008,441,126,0
0,9999,1024,448,128,0
0,9999,1040,455,130,0
0,9999,1056,462,132,0
0,9999,1072,469,134,0
0,9999,1088,476,136,0
0,9999,1104,483,138,0
0,9999,1120,490,140,0
0,9999,1136,497,142,0
0,9999,1152,504,144,0
0,9999,1168,511,146,0
0,9999,1184,518,148,0
0,9999,1200,525,150,0
0,9999,1216,532,152,0
0,9999,1232,539,154,0
0,9999,1248,546,156,0
0,9999,1264,553,158,0
0,9999,1280,560,160,0
0,9999,1296,567,162,0
0,9999,1312,574,164,0
0,9999,1328,581,166,0
0,9999,1344,588,168,0
0,9999,1360,595,170,0
0,9999,1376,602,172,0
0,9999,1392,609,174,0
0,9999,1408,616,176,0
0,9999,1424,623,178,0
0,9999,1440,630,180,0
0,9999,1456,637,182,0
0,9999,1472,644,184,0
0,9999,1488,651,186,0
0,9999,1504,658,188,0
0,9999,1520,665,190,0
0,9999,1536,672,192,0
0,9999,1552,679,194,0
0,9999,1568,686,196,0
0,9999,1584,693,198,0
9999,9.8,0,0,-9.8,1
9999,19.6,0,0,99999.6,1
9999,29.4,0,0,-29.4,1
9999,39.2,0,0,-39.2,1
9999,49,0,0,-49,1
9999,58.8,0,0,-58.8,1
9999,68.6,0,0,-68.6,1
9999,78.4,0,0,-78.4,1
9999,88.2,0,0,-88.2,1
9999,98,0,0,-98,1
9999,107.8,0,0,999907.8,1
9999,117.6,0,0,999917.6,1
9999,127.4,0,0,999927.4,1
9999,137.2,0,0,999937.2,1
9999,147,0,0,999947,1
9999,156.8,0,0,999956.8,1
9999,166.6,0,0,999966.6,1
9999,176.4,0,0,999976.4,1
9999,186.2,0,0,999986.2,1
9999,196,0,0,999996,1
9999,205.8,0,0,-205.8,1
9999,215.6,0,0,-215.6,1
9999,225.4,0,0,-225.4,1
9999,235.2,0,0,-235.2,1
9999,245,0,0,-245,1
9999,254.8,0,0,-254.8,1
9999,264.6,0,0,-264.6,1
9999,274.4,0,0,-274.4,1
9999,284.2,0,0,-284.2,1
9999,294,0,0,-294,1
9999,303.8,0,0,-303.8,1
9999,313.6,0,0,-313.6,1
9999,323.4,0,0,-323.4,1
9999,333.2,0,0,-333.2,1
9999,343,0,0,-343,1
9999,352.8,0,0,-352.8,1
9999,362.6,0,0,-362.6,1
9999,372.4,0,0,-372.4,1
9999,382.2,0,0,-382.2,1
9999,392,0,0,-392,1
9999,401.8,0,0,-401.8,1
9999,411.6,0,0,-411.6,1
9999,421.4,0,0,-421.4,1
9999,431.2,0,0,-431.2,1
9999,441,0,0,-441,1
9999,450.8,0,0,-450.8,1
9999,460.6,0,0,-460.6,1
9999,470.4,0,0,-470.4,1
9999,480.2,0,0,-480.2,1
9999,490,0,0,-490,1
9999,499.8,0,0,-499.8,1
9999,509.6,0,0,-509.6,1
9999,519.4,0,0,-519.4,1
9999,529.2,0,0,-529.2,1
9999,539,0,0,-539,1
9999,548.8,0,0,-548.8,1
9999,558.6,0,0,-558.6,1
9999,568.4,0,0,-568.4,1
9999,578.2,0,0,-578.2,1
9999,588,0,0,-588,1
9999,597.8,0,0,-597.8,1
9999,607.6,0,0,-607.6,1
9999,617.4,0,0,-617.4,1
9999,627.2,0,0,-627.2,1
9999,637,0,0,-637,1
9999,646.8,0,0,-646.8,1
9999,656.6,0,0,-656.6,1
9999,666.4,0,0,-666.4,1
9999,676.2,0,0,-676.2,1
9999,686,0,0,-686,1
9999,695.8,0,0,-695.8,1
9999,705.6,0,0,-705.6,1
9999,715.4,0,0,-715.4,1
9999,725.2,0,0,-725.2,1
9999,735,0,0,-735,1
9999,744.8,0,0,-744.8,1
9999,754.6,0,0,-754.6,1
9999,764.4,0,0,-764.4,1
9999,774.2,0,0,-774.2,1
9999,784,0,0,-784,1
9999,793.8,0,0,-793.8,1
9999,803.6,0,0,-803.6,1
9999,813.4,0,0,-813.4,1
9999,823.2,0,0,-823.2,1
9999,833,0,0,-833,1
9999,842.8,0,0,-842.8,1
9999,852.6,0,0,-852.6,1
9999,862.4,0,0,-862.4,1
9999,872.2,0,0,-872.2,1
9999,882,0,0,-882,1
9999,891.8,0,0,-891.8,1
9999,901.6,0,0,-901.6,1
9999,911.4,0,0,-911.4,1
9999,921.2,0,0,-921.2,1
9999,931,0,0,-931,1
9999,940.8,0,0,-940.8,1
9999,950.6,0,0,-950.6,1
9999,960.4,0,0,-960.4,1
9999,970.2,0,0,-970.2,1
400,0,9999,0,9.8,1
800,0,9999,0,19.6,1
1200,0,9999,0,29.4,1
1600,0,9999,0,39.2,1
2000,0,9999,0,49,1
2400,0,9999,0,58.8,1
2800,0,9999,0,68.6,1
3200,0,9999,0,78.4,1
3600,0,9999,0,88.2,1
4000,0,9999,0,98,1
4400,0,9999,0,107.8,1
4800,0,9999,0,117.6,1
5200,0,9999,0,127.4,1
5600,0,9999,0,137.2,1
6000,0,9999,0,147,1
6400,0,9999,0,156.8,1
6800,0,9999,0,166.6,1
7200,0,9999,0,176.4,1
7600,0,9999,0,186.2,1
8000,0,9999,0,196,1
8400,0,9999,0,205.8,1
8800,0,9999,0,215.6,1
9200,0,9999,0,225.4,1
9600,0,9999,0,235.2,1
10000,0,9999,0,245,1
10400,0,9999,0,254.8,1
10800,0,9999,0,264.6,1
11200,0,9999,0,274.4,1
11600,0,9999,0,284.2,1
12000,0,9999,0,294,1
12400,0,9999,0,303.8,1
12800,0,9999,0,313.6,1
13200,0,9999,0,323.4,1
13600,0,9999,0,333.2,1
14000,0,9999,0,343,1
14400,0,9999,0,352.8,1
14800,0,9999,0,362.6,1
15200,0,9999,0,372.4,1
15600,0,9999,0,382.2,1
16000,0,9999,0,392,1
16400,0,9999,0,401.8,1
16800,0,9999,0,411.6,1
17200,0,9999,0,421.4,1
17600,0,9999,0,431.2,1
18000,0,9999,0,441,1
18400,0,9999,0,450.8,1
18800,0,9999,0,460.6,1
19200,0,9999,0,470.4,1
19600,0,9999,0,480.2,1
20000,0,9999,0,490,1
20400,0,9999,0,499.8,1
20800,0,9999,0,509.6,1
21200,0,9999,0,519.4,1
21600,0,9999,0,529.2,1
22000,0,9999,0,539,1
22400,0,9999,0,548.8,1
22800,0,9999,0,558.6,1
23200,0,9999,0,568.4,1
23600,0,9999,0,578.2,1
24000,0,9999,0,588,1
24400,0,9999,0,597.8,1
24800,0,9999,0,607.6,1
25200,0,9999,0,617.4,1
25600,0,9999,0,627.2,1
26000,0,9999,0,637,1
26400,0,9999,0,646.8,1
26800,0,9999,0,656.6,1
27200,0,9999,0,666.4,1
27600,0,9999,0,676.2,1
28000,0,9999,0,686,1
28400,0,9999,0,695.8,1
28800,0,9999,0,705.6,1
29200,0,9999,0,715.4,1
29600,0,9999,0,725.2,1
30000,0,9999,0,735,1
30400,0,9999,0,744.8,1
30800,0,9999,0,754.6,1
31200,0,9999,0,764.4,1
31600,0,9999,0,774.2,1
32000,0,9999,0,784,1
32400,0,9999,0,793.8,1
32800,0,9999,0,803.6,1
33200,0,9999,0,813.4,1
33600,0,9999,0,823.2,1
34000,0,9999,0,833,1
34400,0,9999,0,842.8,1
34800,0,9999,0,852.6,1
35200,0,9999,0,862.4,1
35600,0,9999,0,872.2,1
36000,0,9999,0,882,1
36400,0,9999,0,891.8,1
36800,0,9999,0,901.6,1
37200,0,9999,0,911.4,1
37600,0,9999,0,921.2,1
38000,0,9999,0,931,1
38400,0,9999,0,940.8,1
38800,0,9999,0,950.6,1
39200,0,9999,0,960.4,1
39600,0,9999,0,970.2,1
9999,0,0,10,9.8,2
9999,0,0,20,19.6,2
9999,0,0,30,29.4,2
9999,0,0,40,39.2,2
9999,0,0,50,49,2
9999,0,0,60,58.8,2
9999,0,0,80,78.4,2
9999,0,0,90,88.2,2
9999,0,0,100,98,2
9999,0,0,110,107.8,2
9999,0,0,120,117.6,2
9999,0,0,130,127.4,2
9999,0,0,140,137.2,2
9999,0,0,150,147,2
9999,0,0,160,156.8,2
9999,0,0,170,166.6,2
9999,0,0,180,176.4,2
9999,0,0,190,186.2,2
9999,0,0,200,196,2
9999,0,0,210,205.8,2
9999,0,0,220,215.6,2
9999,0,0,230,225.4,2
9999,0,0,240,235.2,2
9999,0,0,250,245,2
9999,0,0,260,254.8,2
9999,0,0,270,264.6,2
9999,0,0,280,274.4,2
9999,0,0,290,284.2,2
9999,0,0,300,294,2
9999,0,0,310,303.8,2
9999,0,0,320,313.6,2
9999,0,0,330,323.4,2
9999,0,0,340,333.2,2
9999,0,0,350,343,2
9999,0,0,360,352.8,2
9999,0,0,370,362.6,2
9999,0,0,380,372.4,2
9999,0,0,390,382.2,2
9999,0,0,400,392,2
9999,0,0,410,401.8,2
9999,0,0,420,411.6,2
9999,0,0,430,421.4,2
9999,0,0,440,431.2,2
9999,0,0,450,441,2
9999,0,0,460,450.8,2
9999,0,0,470,460.6,2
9999,0,0,480,470.4,2
9999,0,0,490,480.2,2
9999,0,0,500,490,2
9999,0,0,510,499.8,2
9999,0,0,520,509.6,2
9999,0,0,530,519.4,2
9999,0,0,540,529.2,2
9999,0,0,550,539,2
9999,0,0,560,548.8,2
9999,0,0,570,558.6,2
9999,0,0,580,568.4,2
9999,0,0,590,578.2,2
9999,0,0,600,588,2
9999,0,0,610,597.8,2
9999,0,0,620,607.6,2
9999,0,0,630,617.4,2
9999,0,0,640,627.2,2
9999,0,0,650,637,2
9999,0,0,660,646.8,2
9999,0,0,670,656.6,2
9999,0,0,680,666.4,2
9999,0,0,690,676.2,2
9999,0,0,700,686,2
9999,0,0,710,695.8,2
9999,0,0,720,705.6,2
9999,0,0,730,715.4,2
9999,0,0,740,725.2,2
9999,0,0,750,735,2
9999,0,0,760,744.8,2
9999,0,0,770,754.6,2
9999,0,0,780,764.4,2
9999,0,0,790,774.2,2
9999,0,0,800,784,2
9999,0,0,810,793.8,2
9999,0,0,820,803.6,2
9999,0,0,830,813.4,2
9999,0,0,840,823.2,2
9999,0,0,850,833,2
9999,0,0,860,842.8,2
9999,0,0,870,852.6,2
9999,0,0,880,862.4,2
9999,0,0,890,872.2,2
9999,0,0,900,882,2
9999,0,0,910,891.8,2
9999,0,0,920,901.6,2
9999,0,0,930,911.4,2
9999,0,0,940,921.2,2
9999,0,0,950,931,2
9999,0,0,960,940.8,2
9999,0,0,970,950.6,2
9999,0,0,980,960.4,2
9999,0,0,990,970.2,2
9999,10,0,6,5,2
9999,20,0,12,10,2
9999,30,0,18,15,2
9999,40,0,24,20,2
9999,50,0,30,25,2
9999,60,0,36,30,2
9999,70,0,42,35,2
9999,80,0,48,40,2
9999,90,0,54,45,2
9999,100,0,60,50,2
9999,110,0,66,55,2
9999,120,0,72,60,2
9999,130,0,78,65,2
9999,140,0,84,70,2
9999,150,0,90,75,2
9999,160,0,96,80,2
9999,170,0,102,85,2
9999,180,0,108,90,2
9999,190,0,114,95,2
9999,200,0,120,100,2
9999,210,0,126,105,2
9999,220,0,132,110,2
9999,230,0,138,115,2
9999,240,0,144,120,2
9999,250,0,150,125,2
9999,260,0,156,130,2
9999,270,0,162,135,2
9999,280,0,168,140,2
9999,290,0,174,145,2
9999,300,0,180,150,2
9999,310,0,186,155,2
9999,320,0,192,160,2
9999,330,0,198,165,2
9999,340,0,204,170,2
9999,350,0,210,175,2
9999,360,0,216,180,2
9999,370,0,222,185,2
9999,380,0,228,190,2
9999,390,0,234,195,2
9999,400,0,240,200,2
9999,410,0,246,205,2
9999,420,0,252,210,2
9999,430,0,258,215,2
9999,440,0,264,220,2
9999,450,0,270,225,2
9999,460,0,276,230,2
9999,470,0,282,235,2
9999,480,0,288,240,2
9999,490,0,294,245,2
9999,500,0,300,250,2
9999,510,0,306,255,2
9999,520,0,312,260,2
9999,530,0,318,265,2
9999,540,0,324,270,2
9999,550,0,330,275,2
9999,560,0,336,280,2
9999,570,0,342,285,2
9999,580,0,348,290,2
9999,590,0,354,295,2
9999,600,0,360,300,2
9999,610,0,366,305,2
9999,620,0,372,310,2
9999,630,0,378,315,2
9999,640,0,384,320,2
9999,650,0,390,325,2
9999,660,0,396,330,2
9999,670,0,402,335,2
9999,680,0,408,340,2
9999,690,0,414,345,2
9999,700,0,420,350,2
9999,710,0,426,355,2
9999,720,0,432,360,2
9999,730,0,438,365,2
9999,740,0,444,370,2
9999,750,0,450,375,2
9999,760,0,456,380,2
9999,770,0,462,385,2
9999,780,0,468,390,2
9999,790,0,474,395,2
9999,800,0,480,400,2
9999,810,0,486,405,2
9999,820,0,492,410,2
9999,830,0,498,415,2
9999,840,0,504,420,2
9999,850,0,510,425,2
9999,860,0,516,430,2
9999,870,0,522,435,2
9999,880,0,528,440,2
9999,890,0,534,445,2
9999,900,0,540,450,2
9999,910,0,546,455,2
9999,920,0,552,460,2
9999,930,0,558,465,2
9999,940,0,564,470,2
9999,950,0,570,475,2
9999,960,0,576,480,2
9999,970,0,582,485,2
9999,980,0,588,490,2
9999,990,0,594,495,2
25,0,9999,0,0.5,1
50,0,9999,0,1,1
75,0,9999,0,1.5,1
100,0,9999,0,2,1
125,0,9999,0,2.5,1
150,0,9999,0,3,1
175,0,9999,0,3.5,1
200,0,9999,0,4,1
225,0,9999,0,4.5,1
250,0,9999,0,5,1
275,0,9999,0,5.5,1
300,0,9999,0,6,1
325,0,9999,0,6.5,1
350,0,9999,0,7,1
375,0,9999,0,7.5,1
400,0,9999,0,8,1
425,0,9999,0,8.5,1
450,0,9999,0,9,1
475,0,9999,0,9.5,1
500,0,9999,0,10,1
525,0,9999,0,10.5,1
550,0,9999,0,11,1
575,0,9999,0,11.5,1
600,0,9999,0,12,1
625,0,9999,0,12.5,1
650,0,9999,0,13,1
675,0,9999,0,13.5,1
700,0,9999,0,14,1
725,0,9999,0,14.5,1
750,0,9999,0,15,1
775,0,9999,0,15.5,1
800,0,9999,0,16,1
825,0,9999,0,16.5,1
850,0,9999,0,17,1
875,0,9999,0,17.5,1
900,0,9999,0,18,1
925,0,9999,0,18.5,1
950,0,9999,0,19,1
975,0,9999,0,19.5,1
1000,0,9999,0,20,1
1025,0,9999,0,20.5,1
1050,0,9999,0,21,1
1075,0,9999,0,21.5,1
1100,0,9999,0,22,1
1125,0,9999,0,22.5,1
1150,0,9999,0,23,1
1175,0,9999,0,23.5,1
1200,0,9999,0,24,1
1225,0,9999,0,24.5,1
1250,0,9999,0,25,1
1275,0,9999,0,25.5,1
1300,0,9999,0,26,1
1325,0,9999,0,26.5,1
1350,0,9999,0,27,1
1375,0,9999,0,27.5,1
1400,0,9999,0,28,1
1425,0,9999,0,28.5,1
1450,0,9999,0,29,1
1475,0,9999,0,29.5,1
1500,0,9999,0,30,1
1525,0,9999,0,30.5,1
1550,0,9999,0,31,1
1575,0,9999,0,31.5,1
1600,0,9999,0,32,1
1625,0,9999,0,32.5,1
1650,0,9999,0,33,1
1675,0,9999,0,33.5,1
1700,0,9999,0,34,1
1725,0,9999,0,34.5,1
1750,0,9999,0,35,1
1775,0,9999,0,35.5,1
1800,0,9999,0,36,1
1825,0,9999,0,36.5,1
1850,0,9999,0,37,1
1875,0,9999,0,37.5,1
1900,0,9999,0,38,1
1925,0,9999,0,38.5,1
1950,0,9999,0,39,1
1975,0,9999,0,39.5,1
2000,0,9999,0,40,1
2025,0,9999,0,40.5,1
2050,0,9999,0,41,1
2075,0,9999,0,41.5,1
2100,0,9999,0,42,1
2125,0,9999,0,42.5,1
2150,0,9999,0,43,1
2175,0,9999,0,43.5,1
2200,0,9999,0,44,1
2225,0,9999,0,44.5,1
2250,0,9999,0,45,1
2275,0,9999,0,45.5,1
2300,0,9999,0,46,1
2325,0,9999,0,46.5,1
2350,0,9999,0,47,1
2375,0,9999,0,47.5,1
2400,0,9999,0,48,1
2425,0,9999,0,48.5,1
2450,0,9999,0,49,1
2475,0,9999,0,49.5,1
0,12,0,5,9999,0
0,24,0,10,9999,0
0,36,0,15,9999,0
0,48,0,20,9999,0
0,60,0,25,9999,0
0,72,0,30,9999,0
0,84,0,35,9999,0
0,96,0,40,9999,0
0,108,0,45,9999,0
0,120,0,50,9999,0
0,132,0,55,9999,0
0,144,0,60,9999,0
0,156,0,65,9999,0
0,168,0,70,9999,0
0,180,0,75,9999,0
0,192,0,80,9999,0
0,204,0,85,9999,0
0,216,0,90,9999,0
0,228,0,95,9999,0
0,240,0,100,9999,0
0,252,0,105,9999,0
0,264,0,110,9999,0
0,276,0,115,9999,0
0,288,0,120,9999,0
0,300,0,125,9999,0
0,312,0,130,9999,0
0,324,0,135,9999,0
0,336,0,140,9999,0
0,348,0,145,9999,0
0,360,0,150,9999,0
0,372,0,155,9999,0
0,384,0,160,9999,0
0,396,0,165,9999,0
0,408,0,170,9999,0
0,420,0,175,9999,0
0,432,0,180,9999,0
0,444,0,185,9999,0
0,456,0,190,9999,0
0,468,0,195,9999,0
0,480,0,200,9999,0
0,492,0,205,9999,0
0,504,0,210,9999,0
0,516,0,215,9999,0
0,528,0,220,9999,0
0,540,0,225,9999,0
0,552,0,230,9999,0
0,564,0,235,9999,0
0,576,0,240,9999,0
0,588,0,245,9999,0
0,600,0,250,9999,0
0,612,0,255,9999,0
0,624,0,260,9999,0
0,636,0,265,9999,0
0,648,0,270,9999,0
0,660,0,275,9999,0
0,672,0,280,9999,0
0,684,0,285,9999,0
0,696,0,290,9999,0
0,708,0,295,9999,0
0,720,0,300,9999,0
0,732,0,305,9999,0
0,744,0,310,9999,0
0,756,0,315,9999,0
0,768,0,320,9999,0
0,780,0,325,9999,0
0,792,0,330,9999,0
0,804,0,335,9999,0
0,816,0,340,9999,0
0,828,0,345,9999,0
0,840,0,350,9999,0
0,852,0,355,9999,0
0,864,0,360,9999,0
0,876,0,365,9999,0
0,888,0,370,9999,0
0,900,0,375,9999,0
0,912,0,380,9999,0
0,924,0,385,9999,0
0,936,0,390,9999,0
0,948,0,395,9999,0
0,960,0,400,9999,0
0,972,0,405,9999,0
0,984,0,410,9999,0
0,996,0,415,9999,0
0,1008,0,420,9999,0
0,1020,0,425,9999,0
0,1032,0,430,9999,0
0,1044,0,435,9999,0
0,1056,0,440,9999,0
0,1068,0,445,9999,0
0,1080,0,450,9999,0
0,1092,0,455,9999,0
0,1104,0,460,9999,0
0,1116,0,465,9999,0
0,1128,0,470,9999,0
0,1140,0,475,9999,0
0,1152,0,480,9999,0
0,1164,0,485,9999,0
0,1176,0,490,9999,0
0,1188,0,495,9999,0
9999,27,0,0,-0.9,1
9999,54,0,0,9999.8,1
9999,81,0,0,-2.7,1
9999,108,0,0,-3.6,1
9999,135,0,0,-4.5,1
9999,162,0,0,-5.4,1
9999,189,0,0,-6.3,1
9999,216,0,0,-7.2,1
9999,243,0,0,-8.1,1
9999,270,0,0,-9,1
9999,297,0,0,-9.9,1
9999,324,0,0,99990.8,1
9999,351,0,0,99991.7,1
9999,378,0,0,99992.6,1
9999,405,0,0,99993.5,1
9999,432,0,0,99994.4,1
9999,459,0,0,99995.3,1
9999,486,0,0,99996.2,1
9999,513,0,0,99997.1,1
9999,540,0,0,99998,1
9999,567,0,0,99998.9,1
9999,594,0,0,99999.8,1
9999,621,0,0,-20.7,1
9999,648,0,0,-21.6,1
9999,675,0,0,-22.5,1
9999,702,0,0,-23.4,1
9999,729,0,0,-24.3,1
9999,756,0,0,-25.2,1
9999,783,0,0,-26.1,1
9999,810,0,0,-27,1
9999,837,0,0,-27.9,1
9999,864,0,0,-28.8,1
9999,891,0,0,-29.7,1
9999,918,0,0,-30.6,1
9999,945,0,0,-31.5,1
9999,972,0,0,-32.4,1
9999,999,0,0,-33.3,1
9999,1026,0,0,-34.2,1
9999,1053,0,0,-35.1,1
9999,1080,0,0,-36,1
9999,1107,0,0,-36.9,1
9999,1134,0,0,-37.8,1
9999,1161,0,0,-38.7,1
9999,1188,0,0,-39.6,1
9999,1215,0,0,-40.5,1
9999,1242,0,0,-41.4,1
9999,1269,0,0,-42.3,1
9999,1296,0,0,-43.2,1
9999,1323,0,0,-44.1,1
9999,1350,0,0,-45,1
9999,1377,0,0,-45.9,1
9999,1404,0,0,-46.8,1
9999,1431,0,0,-47.7,1
9999,1458,0,0,-48.6,1
9999,1485,0,0,-49.5,1
9999,1512,0,0,-50.4,1
9999,1539,0,0,-51.3,1
9999,1566,0,0,-52.2,1
9999,1593,0,0,-53.1,1
9999,1620,0,0,-54,1
9999,1647,0,0,-54.9,1
9999,1674,0,0,-55.8,1
9999,1701,0,0,-56.7,1
9999,1728,0,0,-57.6,1
9999,1755,0,0,-58.5,1
9999,1782,0,0,-59.4,1
9999,1809,0,0,-60.3,1
9999,1836,0,0,-61.2,1
9999,1863,0,0,-62.1,1
9999,1890,0,0,-63,1
9999,1917,0,0,-63.9,1
9999,1944,0,0,-64.8,1
9999,1971,0,0,-65.7,1
9999,1998,0,0,-66.6,1
9999,2025,0,0,-67.5,1
9999,2052,0,0,-68.4,1
9999,2079,0,0,-69.3,1
9999,2106,0,0,-70.2,1
9999,2133,0,0,-71.1,1
9999,2160,0,0,-72,1
9999,2187,0,0,-72.9,1
9999,2214,0,0,-73.8,1
9999,2241,0,0,-74.7,1
9999,2268,0,0,-75.6,1
9999,2295,0,0,-76.5,1
9999,2322,0,0,-77.4,1
9999,2349,0,0,-78.3,1
9999,2376,0,0,-79.2,1
9999,2403,0,0,-80.1,1
9999,2430,0,0,-81,1
9999,2457,0,0,-81.9,1
9999,2484,0,0,-82.8,1
9999,2511,0,0,-83.7,1
9999,2538,0,0,-84.6,1
9999,2565,0,0,-85.5,1
9999,2592,0,0,-86.4,1
9999,2619,0,0,-87.3,1
9999,2646,0,0,-88.2,1
9999,2673,0,0,-89.1,1
398,0,112,0,9999,1
796,0,224,0,9999,1
1194,0,336,0,9999,1
1592,0,448,0,9999,1
1990,0,560,0,9999,1
2388,0,672,0,9999,1
2786,0,784,0,9999,1
3184,0,896,0,9999,1
3582,0,1008,0,9999,1
3980,0,1120,0,9999,1
4378,0,1232,0,9999,1
4776,0,1344,0,9999,1
5174,0,1456,0,9999,1
5572,0,1568,0,9999,1
5970,0,1680,0,9999,1
6368,0,1792,0,9999,1
6766,0,1904,0,9999,1
7164,0,2016,0,9999,1
7562,0,2128,0,9999,1
7960,0,2240,0,9999,1
8358,0,2352,0,9999,1
8756,0,2464,0,9999,1
9154,0,2576,0,9999,1
9552,0,2688,0,9999,1
9950,0,2800,0,9999,1
10348,0,2912,0,9999,1
10746,0,3024,0,9999,1
11144,0,3136,0,9999,1
11542,0,3248,0,9999,1
11940,0,3360,0,9999,1
12338,0,3472,0,9999,1
12736,0,3584,0,9999,1
13134,0,3696,0,9999,1
13532,0,3808,0,9999,1
13930,0,3920,0,9999,1
14328,0,4032,0,9999,1
14726,0,4144,0,9999,1
15124,0,4256,0,9999,1
15522,0,4368,0,9999,1
15920,0,4480,0,9999,1
16318,0,4592,0,9999,1
16716,0,4704,0,9999,1
17114,0,4816,0,9999,1
17512,0,4928,0,9999,1
17910,0,5040,0,9999,1
18308,0,5152,0,9999,1
18706,0,5264,0,9999,1
19104,0,5376,0,9999,1
19502,0,5488,0,9999,1
19900,0,5600,0,9999,1
20298,0,5712,0,9999,1
20696,0,5824,0,9999,1
21094,0,5936,0,9999,1
21492,0,6048,0,9999,1
21890,0,6160,0,9999,1
22288,0,6272,0,9999,1
22686,0,6384,0,9999,1
23084,0,6496,0,9999,1
23482,0,6608,0,9999,1
23880,0,6720,0,9999,1
24278,0,6832,0,9999,1
24676,0,6944,0,9999,1
25074,0,7056,0,9999,1
25472,0,7168,0,9999,1
25870,0,7280,0,9999,1
26268,0,7392,0,9999,1
26666,0,7504,0,9999,1
27064,0,7616,0,9999,1
27462,0,7728,0,9999,1
27860,0,7840,0,9999,1
28258,0,7952,0,9999,1
28656,0,8064,0,9999,1
29054,0,8176,0,9999,1
29452,0,8288,0,9999,1
29850,0,8400,0,9999,1
30248,0,8512,0,9999,1
30646,0,8624,0,9999,1
31044,0,8736,0,9999,1
31442,0,8848,0,9999,1
31840,0,8960,0,9999,1
32238,0,9072,0,9999,1
32636,0,9184,0,9999,1
33034,0,9296,0,9999,1
33432,0,9408,0,9999,1
33830,0,9520,0,9999,1
34228,0,9632,0,9999,1
34626,0,9744,0,9999,1
35024,0,9856,0,9999,1
35422,0,9968,0,9999,1
35820,0,10080,0,9999,1
36218,0,10192,0,9999,1
36616,0,10304,0,9999,1
37014,0,10416,0,9999,1
37412,0,10528,0,9999,1
37810,0,10640,0,9999,1
38208,0,10752,0,9999,1
38606,0,10864,0,9999,1
39004,0,10976,0,9999,1
39402,0,11088,0,9999,1
0,0,444,1.83,9999,0
0,0,888,3.66,9999,0
0,0,1332,5.49,9999,0
0,0,1776,7.32,9999,0
0,0,2220,9.15,9999,0
0,0,2664,10.98,9999,0
0,0,3108,12.81,9999,0
0,0,3996,16.47,9999,0
0,0,4440,18.3,9999,0
0,0,4884,20.13,9999,0
0,0,5328,21.96,9999,0
0,0,5772,23.79,9999,0
0,0,6216,25.62,9999,0
0,0,6660,27.45,9999,0
0,0,7104,29.28,9999,0
0,0,7548,31.11,9999,0
0,0,7992,32.94,9999,0
0,0,8436,34.77,9999,0
0,0,8880,36.6,9999,0
0,0,9324,38.43,9999,0
0,0,9768,40.26,9999,0
0,0,10212,42.09,9999,0
0,0,10656,43.92,9999,0
0,0,11100,45.75,9999,0
0,0,11544,47.58,9999,0
0,0,11988,49.41,9999,0
0,0,12432,51.24,9999,0
0,0,12876,53.07,9999,0
0,0,13320,54.9,9999,0
0,0,13764,56.73,9999,0
0,0,14208,58.56,9999,0
0,0,14652,60.39,9999,0
0,0,15096,62.22,9999,0
0,0,15540,64.05,9999,0
0,0,15984,65.88,9999,0
0,0,16428,67.71,9999,0
0,0,16872,69.54,9999,0
0,0,17316,71.37,9999,0
0,0,17760,73.2,9999,0
0,0,18204,75.03,9999,0
0,0,18648,76.86,9999,0
0,0,19092,78.69,9999,0
0,0,19536,80.52,9999,0
0,0,19980,82.35,9999,0
0,0,20424,84.18,9999,0
0,0,20868,86.01,9999,0
0,0,21312,87.84,9999,0
0,0,21756,89.67,9999,0
0,0,22200,91.5,9999,0
0,0,22644,93.33,9999,0
0,0,23088,95.16,9999,0
0,0,23532,96.99,9999,0
0,0,23976,98.82,9999,0
0,0,24420,100.65,9999,0
0,0,24864,102.48,9999,0
0,0,25308,104.31,9999,0
0,0,25752,106.14,9999,0
0,0,26196,107.97,9999,0
0,0,26640,109.8,9999,0
0,0,27084,111.63,9999,0
0,0,27528,113.46,9999,0
0,0,27972,115.29,9999,0
0,0,28416,117.12,9999,0
0,0,28860,118.95,9999,0
0,0,29304,120.78,9999,0
0,0,29748,122.61,9999,0
0,0,30192,124.44,9999,0
0,0,30636,126.27,9999,0
0,0,31080,128.1,9999,0
0,0,31524,129.93,9999,0
0,0,31968,131.76,9999,0
0,0,32412,133.59,9999,0
0,0,32856,135.42,9999,0
0,0,33300,137.25,9999,0
0,0,33744,139.08,9999,0
0,0,34188,140.91,9999,0
0,0,34632,142.74,9999,0
0,0,35076,144.57,9999,0
0,0,35520,146.4,9999,0
0,0,35964,148.23,9999,0
0,0,36408,150.06,9999,0
0,0,36852,151.89,9999,0
0,0,37296,153.72,9999,0
0,0,37740,155.55,9999,0
0,0,38184,157.38,9999,0
0,0,38628,159.21,9999,0
0,0,39072,161.04,9999,0
0,0,39516,162.87,9999,0
0,0,39960,164.7,9999,0
0,0,40404,166.53,9999,0
0,0,40848,168.36,9999,0
0,0,41292,170.19,9999,0
0,0,41736,172.02,9999,0
0,0,42180,173.85,9999,0
0,0,42624,175.68,9999,0
0,0,43068,177.51,9999,0
0,0,43512,179.34,9999,0
0,0,43956,181.17,9999,0
0,0,25,5,9999,0
0,0,50,10,9999,0
0,0,75,15,9999,0
0,0,100,20,9999,0
0,0,125,25,9999,0
0,0,150,30,9999,0
0,0,175,35,9999,0
0,0,200,40,9999,0
0,0,225,45,9999,0
0,0,250,50,9999,0
0,0,275,55,9999,0
0,0,300,60,9999,0
0,0,325,65,9999,0
0,0,350,70,9999,0
0,0,375,75,9999,0
0,0,400,80,9999,0
0,0,425,85,9999,0
0,0,450,90,9999,0
0,0,475,95,9999,0
0,0,500,100,9999,0
0,0,525,105,9999,0
0,0,550,110,9999,0
0,0,575,115,9999,0
0,0,600,120,9999,0
0,0,625,125,9999,0
0,0,650,130,9999,0
0,0,675,135,9999,0
0,0,700,140,9999,0
0,0,725,145,9999,0
0,0,750,150,9999,0
0,0,775,155,9999,0
0,0,800,160,9999,0
0,0,825,165,9999,0
0,0,850,170,9999,0
0,0,875,175,9999,0
0,0,900,180,9999,0
0,0,925,185,9999,0
0,0,950,190,9999,0
0,0,975,195,9999,0
0,0,1000,200,9999,0
0,0,1025,205,9999,0
0,0,1050,210,9999,0
0,0,1075,215,9999,0
0,0,1100,220,9999,0
0,0,1125,225,9999,0
0,0,1150,230,9999,0
0,0,1175,235,9999,0
0,0,1200,240,9999,0
0,0,1225,245,9999,0
0,0,1250,250,9999,0
0,0,1275,255,9999,0
0,0,1300,260,9999,0
0,0,1325,265,9999,0
0,0,1350,270,9999,0
0,0,1375,275,9999,0
0,0,1400,280,9999,0
0,0,1425,285,9999,0
0,0,1450,290,9999,0
0,0,1475,295,9999,0
0,0,1500,300,9999,0
0,0,1525,305,9999,0
0,0,1550,310,9999,0
0,0,1575,315,9999,0
0,0,1600,320,9999,0
0,0,1625,325,9999,0
0,0,1650,330,9999,0
0,0,1675,335,9999,0
0,0,1700,340,9999,0
0,0,1725,345,9999,0
0,0,1750,350,9999,0
0,0,1775,355,9999,0
0,0,1800,360,9999,0
0,0,1825,365,9999,0
0,0,1850,370,9999,0
0,0,1875,375,9999,0
0,0,1900,380,9999,0
0,0,1925,385,9999,0
0,0,1950,390,9999,0
0,0,1975,395,9999,0
0,0,2000,400,9999,0
0,0,2025,405,9999,0
0,0,2050,410,9999,0
0,0,2075,415,9999,0
0,0,2100,420,9999,0
0,0,2125,425,9999,0
0,0,2150,430,9999,0
0,0,2175,435,9999,0
0,0,2200,440,9999,0
0,0,2225,445,9999,0
0,0,2250,450,9999,0
0,0,2275,455,9999,0
0,0,2300,460,9999,0
0,0,2325,465,9999,0
0,0,2350,470,9999,0
0,0,2375,475,9999,0
0,0,2400,480,9999,0
0,0,2425,485,9999,0
0,0,2450,490,9999,0
0,0,2475,495,9999,0
9999,1000,0,8,112,2
9999,2000,0,16,224,2
9999,3000,0,24,336,2
9999,4000,0,32,448,2
9999,5000,0,40,560,2
9999,6000,0,48,672,2
9999,7000,0,56,784,2
9999,8000,0,64,896,2
9999,9000,0,72,1008,2
9999,10000,0,80,1120,2
9999,11000,0,88,1232,2
9999,12000,0,96,1344,2
9999,13000,0,104,1456,2
9999,14000,0,112,1568,2
9999,15000,0,120,1680,2
9999,16000,0,128,1792,2
9999,17000,0,136,1904,2
9999,18000,0,144,2016,2
9999,19000,0,152,2128,2
9999,20000,0,160,2240,2
9999,21000,0,168,2352,2
9999,22000,0,176,2464,2
9999,23000,0,184,2576,2
9999,24000,0,192,2688,2
9999,25000,0,200,2800,2
9999,26000,0,208,2912,2
9999,27000,0,216,3024,2
9999,28000,0,224,3136,2
9999,29000,0,232,3248,2
9999,30000,0,240,3360,2
9999,31000,0,248,3472,2
9999,32000,0,256,3584,2
9999,33000,0,264,3696,2
9999,34000,0,272,3808,2
9999,35000,0,280,3920,2
9999,36000,0,288,4032,2
9999,37000,0,296,4144,2
9999,38000,0,304,4256,2
9999,39000,0,312,4368,2
9999,40000,0,320,4480,2
9999,41000,0,328,4592,2
9999,42000,0,336,4704,2
9999,43000,0,344,4816,2
9999,44000,0,352,4928,2
9999,45000,0,360,5040,2
9999,46000,0,368,5152,2
9999,47000,0,376,5264,2
9999,48000,0,384,5376,2
9999,49000,0,392,5488,2
9999,50000,0,400,5600,2
9999,51000,0,408,5712,2
9999,52000,0,416,5824,2
9999,53000,0,424,5936,2
9999,54000,0,432,6048,2
9999,55000,0,440,6160,2
9999,56000,0,448,6272,2
9999,57000,0,456,6384,2
9999,58000,0,464,6496,2
9999,59000,0,472,6608,2
9999,60000,0,480,6720,2
9999,61000,0,488,6832,2
9999,62000,0,496,6944,2
9999,63000,0,504,7056,2
9999,64000,0,512,7168,2
9999,65000,0,520,7280,2
9999,66000,0,528,7392,2
9999,67000,0,536,7504,2
9999,68000,0,544,7616,2
9999,69000,0,552,7728,2
9999,70000,0,560,7840,2
9999,71000,0,568,7952,2
9999,72000,0,576,8064,2
9999,73000,0,584,8176,2
9999,74000,0,592,8288,2
9999,75000,0,600,8400,2
9999,76000,0,608,8512,2
9999,77000,0,616,8624,2
9999,78000,0,624,8736,2
9999,79000,0,632,8848,2
9999,80000,0,640,8960,2
9999,81000,0,648,9072,2
9999,82000,0,656,9184,2
9999,83000,0,664,9296,2
9999,84000,0,672,9408,2
9999,85000,0,680,9520,2
9999,86000,0,688,9632,2
9999,87000,0,696,9744,2
9999,88000,0,704,9856,2
9999,89000,0,712,9968,2
9999,90000,0,720,10080,2
9999,91000,0,728,10192,2
9999,92000,0,736,10304,2
9999,93000,0,744,10416,2
9999,94000,0,752,10528,2
9999,95000,0,760,10640,2
9999,96000,0,768,10752,2
9999,97000,0,776,10864,2
9999,98000,0,784,10976,2
9999,99000,0,792,11088,2
381,0,9999,0,9.8,1
762,0,9999,0,19.6,1
1143,0,9999,0,29.4,1
1524,0,9999,0,39.2,1
1905,0,9999,0,49,1
2286,0,9999,0,58.8,1
2667,0,9999,0,68.6,1
3048,0,9999,0,78.4,1
3810,0,9999,0,98,1
4191,0,9999,0,107.8,1
4572,0,9999,0,117.6,1
4953,0,9999,0,127.4,1
5334,0,9999,0,137.2,1
5715,0,9999,0,147,1
6096,0,9999,0,156.8,1
6477,0,9999,0,166.6,1
6858,0,9999,0,176.4,1
7239,0,9999,0,186.2,1
7620,0,9999,0,196,1
8001,0,9999,0,205.8,1
8382,0,9999,0,215.6,1
8763,0,9999,0,225.4,1
9144,0,9999,0,235.2,1
9525,0,9999,0,245,1
9906,0,9999,0,254.8,1
10287,0,9999,0,264.6,1
10668,0,9999,0,274.4,1
11049,0,9999,0,284.2,1
11430,0,9999,0,294,1
11811,0,9999,0,303.8,1
12192,0,9999,0,313.6,1
12573,0,9999,0,323.4,1
12954,0,9999,0,333.2,1
13335,0,9999,0,343,1
13716,0,9999,0,352.8,1
14097,0,9999,0,362.6,1
14478,0,9999,0,372.4,1
14859,0,9999,0,382.2,1
15240,0,9999,0,392,1
15621,0,9999,0,401.8,1
16002,0,9999,0,411.6,1
16383,0,9999,0,421.4,1
16764,0,9999,0,431.2,1
17145,0,9999,0,441,1
17526,0,9999,0,450.8,1
17907,0,9999,0,460.6,1
18288,0,9999,0,470.4,1
18669,0,9999,0,480.2,1
19050,0,9999,0,490,1
19431,0,9999,0,499.8,1
19812,0,9999,0,509.6,1
20193,0,9999,0,519.4,1
20574,0,9999,0,529.2,1
20955,0,9999,0,539,1
21336,0,9999,0,548.8,1
21717,0,9999,0,558.6,1
22098,0,9999,0,568.4,1
22479,0,9999,0,578.2,1
22860,0,9999,0,588,1
23241,0,9999,0,597.8,1
23622,0,9999,0,607.6,1
24003,0,9999,0,617.4,1
24384,0,9999,0,627.2,1
24765,0,9999,0,637,1
25146,0,9999,0,646.8,1
25527,0,9999,0,656.6,1
25908,0,9999,0,666.4,1
26289,0,9999,0,676.2,1
26670,0,9999,0,686,1
27051,0,9999,0,695.8,1
27432,0,9999,0,705.6,1
27813,0,9999,0,715.4,1
28194,0,9999,0,725.2,1
28575,0,9999,0,735,1
28956,0,9999,0,744.8,1
29337,0,9999,0,754.6,1
29718,0,9999,0,764.4,1
30099,0,9999,0,774.2,1
30480,0,9999,0,784,1
30861,0,9999,0,793.8,1
31242,0,9999,0,803.6,1
31623,0,9999,0,813.4,1
32004,0,9999,0,823.2,1
32385,0,9999,0,833,1
32766,0,9999,0,842.8,1
33147,0,9999,0,852.6,1
33528,0,9999,0,862.4,1
33909,0,9999,0,872.2,1
34290,0,9999,0,882,1
34671,0,9999,0,891.8,1
35052,0,9999,0,901.6,1
35433,0,9999,0,911.4,1
35814,0,9999,0,921.2,1
36195,0,9999,0,931,1
36576,0,9999,0,940.8,1
36957,0,9999,0,950.6,1
37338,0,9999,0,960.4,1
37719,0,9999,0,970.2,1
0,0,9999,7,5,0
0,0,9999,14,10,0
0,0,9999,21,15,0
0,0,9999,28,20,0
0,0,9999,35,25,0
0,0,9999,42,30,0
0,0,9999,49,35,0
0,0,9999,56,40,0
0,0,9999,63,45,0
0,0,9999,70,50,0
0,0,9999,77,55,0
0,0,9999,84,60,0
0,0,9999,91,65,0
0,0,9999,98,70,0
0,0,9999,105,75,0
0,0,9999,112,80,0
0,0,9999,119,85,0
0,0,9999,126,90,0
0,0,9999,133,95,0
0,0,9999,140,100,0
0,0,9999,147,105,0
0,0,9999,154,110,0
0,0,9999,161,115,0
0,0,9999,168,120,0
0,0,9999,175,125,0
0,0,9999,182,130,0
0,0,9999,189,135,0
0,0,9999,196,140,0
0,0,9999,203,145,0
0,0,9999,210,150,0
0,0,9999,217,155,0
0,0,9999,224,160,0
0,0,9999,231,165,0
0,0,9999,238,170,0
0,0,9999,245,175,0
0,0,9999,252,180,0
0,0,9999,259,185,0
0,0,9999,266,190,0
0,0,9999,273,195,0
0,0,9999,280,200,0
0,0,9999,287,205,0
0,0,9999,294,210,0
0,0,9999,301,215,0
0,0,9999,308,220,0
0,0,9999,315,225,0
0,0,9999,322,230,0
0,0,9999,329,235,0
0,0,9999,336,240,0
0,0,9999,343,245,0
0,0,9999,350,250,0
0,0,9999,357,255,0
0,0,9999,364,260,0
0,0,9999,371,265,0
0,0,9999,378,270,0
0,0,9999,385,275,0
0,0,9999,392,280,0
0,0,9999,399,285,0
0,0,9999,406,290,0
0,0,9999,413,295,0
0,0,9999,420,300,0
0,0,9999,427,305,0
0,0,9999,434,310,0
0,0,9999,441,315,0
0,0,9999,448,320,0
0,0,9999,455,325,0
0,0,9999,462,330,0
0,0,9999,469,335,0
0,0,9999,476,340,0
0,0,9999,483,345,0
0,0,9999,490,350,0
0,0,9999,497,355,0
0,0,9999,504,360,0
0,0,9999,511,365,0
0,0,9999,518,370,0
0,0,9999,525,375,0
0,0,9999,532,380,0
0,0,9999,539,385,0
0,0,9999,546,390,0
0,0,9999,553,395,0
0,0,9999,560,400,0
0,0,9999,567,405,0
0,0,9999,574,410,0
0,0,9999,581,415,0
0,0,9999,588,420,0
0,0,9999,595,425,0
0,0,9999,602,430,0
0,0,9999,609,435,0
0,0,9999,616,440,0
0,0,9999,623,445,0
0,0,9999,630,450,0
0,0,9999,637,455,0
0,0,9999,644,460,0
0,0,9999,651,465,0
0,0,9999,658,470,0
0,0,9999,665,475,0
0,0,9999,672,480,0
0,0,9999,679,485,0
0,0,9999,686,490,0
0,0,9999,693,495,0
9999,0,0,7,5,2
9999,0,0,14,10,2
9999,0,0,21,15,2
9999,0,0,28,20,2
9999,0,0,35,25,2
9999,0,0,42,30,2
9999,0,0,49,35,2
9999,0,0,56,40,2
9999,0,0,63,45,2
9999,0,0,70,50,2
9999,0,0,77,55,2
9999,0,0,84,60,2
9999,0,0,91,65,2
9999,0,0,98,70,2
9999,0,0,105,75,2
9999,0,0,112,80,2
9999,0,0,119,85,2
9999,0,0,126,90,2
9999,0,0,133,95,2
9999,0,0,140,100,2
9999,0,0,147,105,2
9999,0,0,154,110,2
9999,0,0,161,115,2
9999,0,0,168,120,2
9999,0,0,175,125,2
9999,0,0,182,130,2
9999,0,0,189,135,2
9999,0,0,196,140,2
9999,0,0,203,145,2
9999,0,0,210,150,2
9999,0,0,217,155,2
9999,0,0,224,160,2
9999,0,0,231,165,2
9999,0,0,238,170,2
9999,0,0,245,175,2
9999,0,0,252,180,2
9999,0,0,259,185,2
9999,0,0,266,190,2
9999,0,0,273,195,2
9999,0,0,280,200,2
9999,0,0,287,205,2
9999,0,0,294,210,2
9999,0,0,301,215,2
9999,0,0,308,220,2
9999,0,0,315,225,2
9999,0,0,322,230,2
9999,0,0,329,235,2
9999,0,0,336,240,2
9999,0,0,343,245,2
9999,0,0,350,250,2
9999,0,0,357,255,2
9999,0,0,364,260,2
9999,0,0,371,265,2
9999,0,0,378,270,2
9999,0,0,385,275,2
9999,0,0,392,280,2
9999,0,0,399,285,2
9999,0,0,406,290,2
9999,0,0,413,295,2
9999,0,0,420,300,2
9999,0,0,427,305,2
9999,0,0,434,310,2
9999,0,0,441,315,2
9999,0,0,448,320,2
9999,0,0,455,325,2
9999,0,0,462,330,2
9999,0,0,469,335,2
9999,0,0,476,340,2
9999,0,0,483,345,2
9999,0,0,490,350,2
9999,0,0,497,355,2
9999,0,0,504,360,2
9999,0,0,511,365,2
9999,0,0,518,370,2
9999,0,0,525,375,2
9999,0,0,532,380,2
9999,0,0,539,385,2
9999,0,0,546,390,2
9999,0,0,553,395,2
9999,0,0,560,400,2
9999,0,0,567,405,2
9999,0,0,574,410,2
9999,0,0,581,415,2
9999,0,0,588,420,2
9999,0,0,595,425,2
9999,0,0,602,430,2
9999,0,0,609,435,2
9999,0,0,616,440,2
9999,0,0,623,445,2
9999,0,0,630,450,2
9999,0,0,637,455,2
9999,0,0,644,460,2
9999,0,0,651,465,2
9999,0,0,658,470,2
9999,0,0,665,475,2
9999,0,0,672,480,2
9999,0,0,679,485,2
9999,0,0,686,490,2
9999,0,0,693,495,2
9999,15,0,5,-0.42,2
9999,30,0,10,-0.84,2
9999,45,0,15,9999.26,2
9999,60,0,20,9999.68,2
9999,75,0,25,-2.1,2
9999,90,0,30,-2.52,2
9999,105,0,35,-2.94,2
9999,120,0,40,-3.36,2
9999,135,0,45,-3.78,2
9999,150,0,50,-4.2,2
9999,165,0,55,-4.62,2
9999,180,0,60,-5.04,2
9999,195,0,65,-5.46,2
9999,210,0,70,-5.88,2
9999,225,0,75,-6.3,2
9999,240,0,80,-6.72,2
9999,255,0,85,-7.14,2
9999,270,0,90,-7.56,2
9999,285,0,95,-7.98,2
9999,300,0,100,-8.4,2
9999,315,0,105,-8.82,2
9999,330,0,110,-9.24,2
9999,345,0,115,-9.66,2
9999,360,0,120,99990.08,2
9999,375,0,125,99990.5,2
9999,390,0,130,99990.92,2
9999,405,0,135,99991.34,2
9999,420,0,140,99991.76,2
9999,435,0,145,99992.18,2
9999,450,0,150,99992.6,2
9999,465,0,155,99993.02,2
9999,480,0,160,99993.44,2
9999,495,0,165,99993.86,2
9999,510,0,170,99994.28,2
9999,525,0,175,99994.7,2
9999,540,0,180,99995.12,2
9999,555,0,185,99995.54,2
9999,570,0,190,99995.96,2
9999,585,0,195,99996.38,2
9999,600,0,200,99996.8,2
9999,615,0,205,99997.22,2
9999,630,0,210,99997.64,2
9999,645,0,215,99998.06,2
9999,660,0,220,99998.48,2
9999,675,0,225,99998.9,2
9999,690,0,230,99999.32,2
9999,705,0,235,99999.74,2
9999,720,0,240,-20.16,2
9999,735,0,245,-20.58,2
9999,750,0,250,-21,2
9999,765,0,255,-21.42,2
9999,780,0,260,-21.84,2
9999,795,0,265,-22.26,2
9999,810,0,270,-22.68,2
9999,825,0,275,-23.1,2
9999,840,0,280,-23.52,2
9999,855,0,285,-23.94,2
9999,870,0,290,-24.36,2
9999,885,0,295,-24.78,2
9999,900,0,300,-25.2,2
9999,915,0,305,-25.62,2
9999,930,0,310,-26.04,2
9999,945,0,315,-26.46,2
9999,960,0,320,-26.88,2
9999,975,0,325,-27.3,2
9999,990,0,330,-27.72,2
9999,1005,0,335,-28.14,2
9999,1020,0,340,-28.56,2
9999,1035,0,345,-28.98,2
9999,1050,0,350,-29.4,2
9999,1065,0,355,-29.82,2
9999,1080,0,360,-30.24,2
9999,1095,0,365,-30.66,2
9999,1110,0,370,-31.08,2
9999,1125,0,375,-31.5,2
9999,1140,0,380,-31.92,2
9999,1155,0,385,-32.34,2
9999,1170,0,390,-32.76,2
9999,1185,0,395,-33.18,2
9999,1200,0,400,-33.6,2
9999,1215,0,405,-34.02,2
9999,1230,0,410,-34.44,2
9999,1245,0,415,-34.86,2
9999,1260,0,420,-35.28,2
9999,1275,0,425,-35.7,2
9999,1290,0,430,-36.12,2
9999,1305,0,435,-36.54,2
9999,1320,0,440,-36.96,2
9999,1335,0,445,-37.38,2
9999,1350,0,450,-37.8,2
9999,1365,0,455,-38.22,2
9999,1380,0,460,-38.64,2
9999,1395,0,465,-39.06,2
9999,1410,0,470,-39.48,2
9999,1425,0,475,-39.9,2
9999,1440,0,480,-40.32,2
9999,1455,0,485,-40.74,2
9999,1470,0,490,-41.16,2
9999,1485,0,495,-41.58,2
0,15,0,9999,0.42,0
0,30,0,9999,0.84,0
0,45,0,9999,1.26,0
0,60,0,9999,1.68,0
0,75,0,9999,2.1,0
0,90,0,9999,2.52,0
0,105,0,9999,2.94,0
0,120,0,9999,3.36,0
0,135,0,9999,3.78,0
0,150,0,9999,4.2,0
0,180,0,9999,5.04,0
0,195,0,9999,5.46,0
0,210,0,9999,5.88,0
0,225,0,9999,6.3,0
0,240,0,9999,6.72,0
0,255,0,9999,7.14,0
0,270,0,9999,7.56,0
0,285,0,9999,7.98,0
0,300,0,9999,8.4,0
0,315,0,9999,8.82,0
0,330,0,9999,9.24,0
0,345,0,9999,9.66,0
0,360,0,9999,10.08,0
0,375,0,9999,10.5,0
0,390,0,9999,10.92,0
0,405,0,9999,11.34,0
0,420,0,9999,11.76,0
0,435,0,9999,12.18,0
0,450,0,9999,12.6,0
0,465,0,9999,13.02,0
0,480,0,9999,13.44,0
0,495,0,9999,13.86,0
0,510,0,9999,14.28,0
0,525,0,9999,14.7,0
0,540,0,9999,15.12,0
0,555,0,9999,15.54,0
0,570,0,9999,15.96,0
0,585,0,9999,16.38,0
0,600,0,9999,16.8,0
0,615,0,9999,17.22,0
0,630,0,9999,17.64,0
0,645,0,9999,18.06,0
0,660,0,9999,18.48,0
0,675,0,9999,18.9,0
0,690,0,9999,19.32,0
0,705,0,9999,19.74,0
0,720,0,9999,20.16,0
0,735,0,9999,20.58,0
0,750,0,9999,21,0
0,765,0,9999,21.42,0
0,780,0,9999,21.84,0
0,795,0,9999,22.26,0
0,810,0,9999,22.68,0
0,825,0,9999,23.1,0
0,840,0,9999,23.52,0
0,855,0,9999,23.94,0
0,870,0,9999,24.36,0
0,885,0,9999,24.78,0
0,900,0,9999,25.2,0
0,915,0,9999,25.62,0
0,930,0,9999,26.04,0
0,945,0,9999,26.46,0
0,960,0,9999,26.88,0
0,975,0,9999,27.3,0
0,990,0,9999,27.72,0
0,1005,0,9999,28.14,0
0,1020,0,9999,28.56,0
0,1035,0,9999,28.98,0
0,1050,0,9999,29.4,0
0,1065,0,9999,29.82,0
0,1080,0,9999,30.24,0
0,1095,0,9999,30.66,0
0,1110,0,9999,31.08,0
0,1125,0,9999,31.5,0
0,1140,0,9999,31.92,0
0,1155,0,9999,32.34,0
0,1170,0,9999,32.76,0
0,1185,0,9999,33.18,0
0,1200,0,9999,33.6,0
0,1215,0,9999,34.02,0
0,1230,0,9999,34.44,0
0,1245,0,9999,34.86,0
0,1260,0,9999,35.28,0
0,1275,0,9999,35.7,0
0,1290,0,9999,36.12,0
0,1305,0,9999,36.54,0
0,1320,0,9999,36.96,0
0,1335,0,9999,37.38,0
0,1350,0,9999,37.8,0
0,1365,0,9999,38.22,0
0,1380,0,9999,38.64,0
0,1395,0,9999,39.06,0
0,1410,0,9999,39.48,0
0,1425,0,9999,39.9,0
0,1440,0,9999,40.32,0
0,1455,0,9999,40.74,0
0,1470,0,9999,41.16,0
0,1485,0,9999,41.58,0
200,0,9999,0,4.9,1
400,0,9999,0,9.8,1
600,0,9999,0,14.7,1
800,0,9999,0,19.6,1
1000,0,9999,0,24.5,1
1200,0,9999,0,29.4,1
1400,0,9999,0,34.3,1
1600,0,9999,0,39.2,1
1800,0,9999,0,44.1,1
2000,0,9999,0,49,1
2200,0,9999,0,53.9,1
2400,0,9999,0,58.8,1
2600,0,9999,0,63.7,1
2800,0,9999,0,68.6,1
3000,0,9999,0,73.5,1
3200,0,9999,0,78.4,1
3400,0,9999,0,83.3,1
3600,0,9999,0,88.2,1
3800,0,9999,0,93.1,1
4000,0,9999,0,98,1
4200,0,9999,0,102.9,1
4400,0,9999,0,107.8,1
4600,0,9999,0,112.7,1
4800,0,9999,0,117.6,1
5000,0,9999,0,122.5,1
5200,0,9999,0,127.4,1
5400,0,9999,0,132.3,1
5600,0,9999,0,137.2,1
5800,0,9999,0,142.1,1
6000,0,9999,0,147,1
6200,0,9999,0,151.9,1
6400,0,9999,0,156.8,1
6600,0,9999,0,161.7,1
6800,0,9999,0,166.6,1
7000,0,9999,0,171.5,1
7200,0,9999,0,176.4,1
7400,0,9999,0,181.3,1
7600,0,9999,0,186.2,1
7800,0,9999,0,191.1,1
8000,0,9999,0,196,1
8200,0,9999,0,200.9,1
8400,0,9999,0,205.8,1
8600,0,9999,0,210.7,1
8800,0,9999,0,215.6,1
9000,0,9999,0,220.5,1
9200,0,9999,0,225.4,1
9400,0,9999,0,230.3,1
9600,0,9999,0,235.2,1
9800,0,9999,0,240.1,1
10000,0,9999,0,245,1
10200,0,9999,0,249.9,1
10400,0,9999,0,254.8,1
10600,0,9999,0,259.7,1
10800,0,9999,0,264.6,1
11000,0,9999,0,269.5,1
11200,0,9999,0,274.4,1
11400,0,9999,0,279.3,1
11600,0,9999,0,284.2,1
11800,0,9999,0,289.1,1
12000,0,9999,0,294,1
12200,0,9999,0,298.9,1
12400,0,9999,0,303.8,1
12600,0,9999,0,308.7,1
12800,0,9999,0,313.6,1
13000,0,9999,0,318.5,1
13200,0,9999,0,323.4,1
13400,0,9999,0,328.3,1
13600,0,9999,0,333.2,1
13800,0,9999,0,338.1,1
14000,0,9999,0,343,1
14200,0,9999,0,347.9,1
14400,0,9999,0,352.8,1
14600,0,9999,0,357.7,1
14800,0,9999,0,362.6,1
15000,0,9999,0,367.5,1
15200,0,9999,0,372.4,1
15400,0,9999,0,377.3,1
15600,0,9999,0,382.2,1
15800,0,9999,0,387.1,1
16000,0,9999,0,392,1
16200,0,9999,0,396.9,1
16400,0,9999,0,401.8,1
16600,0,9999,0,406.7,1
16800,0,9999,0,411.6,1
17000,0,9999,0,416.5,1
17200,0,9999,0,421.4,1
17400,0,9999,0,426.3,1
17600,0,9999,0,431.2,1
17800,0,9999,0,436.1,1
18000,0,9999,0,441,1
18200,0,9999,0,445.9,1
18400,0,9999,0,450.8,1
18600,0,9999,0,455.7,1
18800,0,9999,0,460.6,1
19000,0,9999,0,465.5,1
19200,0,9999,0,470.4,1
19400,0,9999,0,475.3,1
19600,0,9999,0,480.2,1
19800,0,9999,0,485.1,1
6,0,0,2.7,9999,2
12,0,0,5.4,9999,2
18,0,0,8.1,9999,2
24,0,0,10.8,9999,2
30,0,0,13.5,9999,2
36,0,0,16.2,9999,2
42,0,0,18.9,9999,2
48,0,0,21.6,9999,2
54,0,0,24.3,9999,2
60,0,0,27,9999,2
66,0,0,29.7,9999,2
72,0,0,32.4,9999,2
78,0,0,35.1,9999,2
84,0,0,37.8,9999,2
90,0,0,40.5,9999,2
96,0,0,43.2,9999,2
102,0,0,45.9,9999,2
108,0,0,48.6,9999,2
114,0,0,51.3,9999,2
120,0,0,54,9999,2
126,0,0,56.7,9999,2
132,0,0,59.4,9999,2
138,0,0,62.1,9999,2
144,0,0,64.8,9999,2
150,0,0,67.5,9999,2
156,0,0,70.2,9999,2
162,0,0,72.9,9999,2
168,0,0,75.6,9999,2
174,0,0,78.3,9999,2
180,0,0,81,9999,2
186,0,0,83.7,9999,2
192,0,0,86.4,9999,2
198,0,0,89.1,9999,2
204,0,0,91.8,9999,2
210,0,0,94.5,9999,2
216,0,0,97.2,9999,2
222,0,0,99.9,9999,2
228,0,0,102.6,9999,2
234,0,0,105.3,9999,2
240,0,0,108,9999,2
246,0,0,110.7,9999,2
252,0,0,113.4,9999,2
258,0,0,116.1,9999,2
264,0,0,118.8,9999,2
270,0,0,121.5,9999,2
276,0,0,124.2,9999,2
282,0,0,126.9,9999,2
288,0,0,129.6,9999,2
294,0,0,132.3,9999,2
300,0,0,135,9999,2
306,0,0,137.7,9999,2
312,0,0,140.4,9999,2
318,0,0,143.1,9999,2
324,0,0,145.8,9999,2
330,0,0,148.5,9999,2
336,0,0,151.2,9999,2
342,0,0,153.9,9999,2
348,0,0,156.6,9999,2
354,0,0,159.3,9999,2
360,0,0,162,9999,2
366,0,0,164.7,9999,2
372,0,0,167.4,9999,2
378,0,0,170.1,9999,2
384,0,0,172.8,9999,2
390,0,0,175.5,9999,2
396,0,0,178.2,9999,2
402,0,0,180.9,9999,2
408,0,0,183.6,9999,2
414,0,0,186.3,9999,2
420,0,0,189,9999,2
426,0,0,191.7,9999,2
432,0,0,194.4,9999,2
438,0,0,197.1,9999,2
444,0,0,199.8,9999,2
450,0,0,202.5,9999,2
456,0,0,205.2,9999,2
462,0,0,207.9,9999,2
468,0,0,210.6,9999,2
474,0,0,213.3,9999,2
480,0,0,216,9999,2
486,0,0,218.7,9999,2
492,0,0,221.4,9999,2
498,0,0,224.1,9999,2
504,0,0,226.8,9999,2
510,0,0,229.5,9999,2
516,0,0,232.2,9999,2
522,0,0,234.9,9999,2
528,0,0,237.6,9999,2
534,0,0,240.3,9999,2
540,0,0,243,9999,2
546,0,0,245.7,9999,2
552,0,0,248.4,9999,2
558,0,0,251.1,9999,2
564,0,0,253.8,9999,2
570,0,0,256.5,9999,2
576,0,0,259.2,9999,2
582,0,0,261.9,9999,2
588,0,0,264.6,9999,2
594,0,0,267.3,9999,2
2,0,0,9999,1.61,2
4,0,0,9999,3.22,2
6,0,0,9999,4.83,2
8,0,0,9999,6.44,2
10,0,0,9999,8.05,2
12,0,0,9999,9.66,2
14,0,0,9999,11.27,2
16,0,0,9999,12.88,2
18,0,0,9999,14.49,2
20,0,0,9999,16.1,2
22,0,0,9999,17.71,2
24,0,0,9999,19.32,2
26,0,0,9999,20.93,2
28,0,0,9999,22.54,2
30,0,0,9999,24.15,2
32,0,0,9999,25.76,2
34,0,0,9999,27.37,2
36,0,0,9999,28.98,2
38,0,0,9999,30.59,2
40,0,0,9999,32.2,2
42,0,0,9999,33.81,2
44,0,0,9999,35.42,2
46,0,0,9999,37.03,2
48,0,0,9999,38.64,2
50,0,0,9999,40.25,2
52,0,0,9999,41.86,2
54,0,0,9999,43.47,2
56,0,0,9999,45.08,2
58,0,0,9999,46.69,2
60,0,0,9999,48.3,2
62,0,0,9999,49.91,2
64,0,0,9999,51.52,2
66,0,0,9999,53.13,2
68,0,0,9999,54.74,2
70,0,0,9999,56.35,2
72,0,0,9999,57.96,2
74,0,0,9999,59.57,2
76,0,0,9999,61.18,2
78,0,0,9999,62.79,2
80,0,0,9999,64.4,2
82,0,0,9999,66.01,2
84,0,0,9999,67.62,2
86,0,0,9999,69.23,2
88,0,0,9999,70.84,2
90,0,0,9999,72.45,2
92,0,0,9999,74.06,2
94,0,0,9999,75.67,2
96,0,0,9999,77.28,2
98,0,0,9999,78.89,2
100,0,0,9999,80.5,2
102,0,0,9999,82.11,2
104,0,0,9999,83.72,2
106,0,0,9999,85.33,2
108,0,0,9999,86.94,2
110,0,0,9999,88.55,2
112,0,0,9999,90.16,2
114,0,0,9999,91.77,2
116,0,0,9999,93.38,2
118,0,0,9999,94.99,2
120,0,0,9999,96.6,2
122,0,0,9999,98.21,2
124,0,0,9999,99.82,2
126,0,0,9999,101.43,2
128,0,0,9999,103.04,2
130,0,0,9999,104.65,2
132,0,0,9999,106.26,2
134,0,0,9999,107.87,2
136,0,0,9999,109.48,2
138,0,0,9999,111.09,2
140,0,0,9999,112.7,2
142,0,0,9999,114.31,2
144,0,0,9999,115.92,2
146,0,0,9999,117.53,2
148,0,0,9999,119.14,2
150,0,0,9999,120.75,2
152,0,0,9999,122.36,2
154,0,0,9999,123.97,2
156,0,0,9999,125.58,2
158,0,0,9999,127.19,2
160,0,0,9999,128.8,2
162,0,0,9999,130.41,2
164,0,0,9999,132.02,2
166,0,0,9999,133.63,2
168,0,0,9999,135.24,2
170,0,0,9999,136.85,2
172,0,0,9999,138.46,2
174,0,0,9999,140.07,2
176,0,0,9999,141.68,2
178,0,0,9999,143.29,2
180,0,0,9999,144.9,2
182,0,0,9999,146.51,2
184,0,0,9999,148.12,2
186,0,0,9999,149.73,2
188,0,0,9999,151.34,2
190,0,0,9999,152.95,2
192,0,0,9999,154.56,2
194,0,0,9999,156.17,2
196,0,0,9999,157.78,2
198,0,0,9999,159.39,2
13,0,22,0,9999,1
26,0,44,0,9999,1
39,0,66,0,9999,1
52,0,88,0,9999,1
65,0,110,0,9999,1
78,0,132,0,9999,1
91,0,154,0,9999,1
104,0,176,0,9999,1
117,0,198,0,9999,1
130,0,220,0,9999,1
143,0,242,0,9999,1
156,0,264,0,9999,1
169,0,286,0,9999,1
182,0,308,0,9999,1
195,0,330,0,9999,1
208,0,352,0,9999,1
221,0,374,0,9999,1
234,0,396,0,9999,1
247,0,418,0,9999,1
260,0,440,0,9999,1
273,0,462,0,9999,1
286,0,484,0,9999,1
299,0,506,0,9999,1
312,0,528,0,9999,1
325,0,550,0,9999,1
338,0,572,0,9999,1
351,0,594,0,9999,1
364,0,616,0,9999,1
377,0,638,0,9999,1
390,0,660,0,9999,1
403,0,682,0,9999,1
416,0,704,0,9999,1
429,0,726,0,9999,1
442,0,748,0,9999,1
455,0,770,0,9999,1
468,0,792,0,9999,1
481,0,814,0,9999,1
494,0,836,0,9999,1
507,0,858,0,9999,1
520,0,880,0,9999,1
533,0,902,0,9999,1
546,0,924,0,9999,1
559,0,946,0,9999,1
572,0,968,0,9999,1
585,0,990,0,9999,1
598,0,1012,0,9999,1
611,0,1034,0,9999,1
624,0,1056,0,9999,1
637,0,1078,0,9999,1
650,0,1100,0,9999,1
663,0,1122,0,9999,1
676,0,1144,0,9999,1
689,0,1166,0,9999,1
702,0,1188,0,9999,1
715,0,1210,0,9999,1
728,0,1232,0,9999,1
741,0,1254,0,9999,1
754,0,1276,0,9999,1
767,0,1298,0,9999,1
780,0,1320,0,9999,1
793,0,1342,0,9999,1
806,0,1364,0,9999,1
819,0,1386,0,9999,1
832,0,1408,0,9999,1
845,0,1430,0,9999,1
858,0,1452,0,9999,1
871,0,1474,0,9999,1
884,0,1496,0,9999,1
897,0,1518,0,9999,1
910,0,1540,0,9999,1
923,0,1562,0,9999,1
936,0,1584,0,9999,1
949,0,1606,0,9999,1
962,0,1628,0,9999,1
975,0,1650,0,9999,1
988,0,1672,0,9999,1
1001,0,1694,0,9999,1
1014,0,1716,0,9999,1
1027,0,1738,0,9999,1
1040,0,1760,0,9999,1
1053,0,1782,0,9999,1
1066,0,1804,0,9999,1
1079,0,1826,0,9999,1
1092,0,1848,0,9999,1
1105,0,1870,0,9999,1
1118,0,1892,0,9999,1
1131,0,1914,0,9999,1
1144,0,1936,0,9999,1
1157,0,1958,0,9999,1
1170,0,1980,0,9999,1
1183,0,2002,0,9999,1
1196,0,2024,0,9999,1
1209,0,2046,0,9999,1
1222,0,2068,0,9999,1
1235,0,2090,0,9999,1
1248,0,2112,0,9999,1
1261,0,2134,0,9999,1
1274,0,2156,0,9999,1
1287,0,2178,0,9999,1
0,15,5,9999,-2.5,0
0,30,10,9999,-5,0
0,45,15,9999,-7.5,0
0,60,20,9999,99990,0
0,75,25,9999,99992.5,0
0,90,30,9999,99995,0
0,105,35,9999,99997.5,0
0,120,40,9999,-20,0
0,135,45,9999,-22.5,0
0,150,50,9999,-25,0
0,165,55,9999,-27.5,0
0,180,60,9999,-30,0
0,195,65,9999,-32.5,0
0,210,70,9999,-35,0
0,225,75,9999,-37.5,0
0,240,80,9999,-40,0
0,255,85,9999,-42.5,0
0,270,90,9999,-45,0
0,285,95,9999,-47.5,0
0,300,100,9999,-50,0
0,315,105,9999,-52.5,0
0,330,110,9999,-55,0
0,345,115,9999,-57.5,0
0,360,120,9999,-60,0
0,375,125,9999,-62.5,0
0,390,130,9999,-65,0
0,405,135,9999,-67.5,0
0,420,140,9999,-70,0
0,435,145,9999,-72.5,0
0,450,150,9999,-75,0
0,465,155,9999,-77.5,0
0,480,160,9999,-80,0
0,495,165,9999,-82.5,0
0,510,170,9999,-85,0
0,525,175,9999,-87.5,0
0,540,180,9999,-90,0
0,555,185,9999,-92.5,0
0,570,190,9999,-95,0
0,585,195,9999,-97.5,0
0,600,200,9999,999900,0
0,615,205,9999,999902.5,0
0,630,210,9999,999905,0
0,645,215,9999,999907.5,0
0,660,220,9999,999910,0
0,675,225,9999,999912.5,0
0,690,230,9999,999915,0
0,705,235,9999,999917.5,0
0,720,240,9999,999920,0
0,735,245,9999,999922.5,0
0,750,250,9999,999925,0
0,765,255,9999,999927.5,0
0,780,260,9999,999930,0
0,795,265,9999,999932.5,0
0,810,270,9999,999935,0
0,825,275,9999,999937.5,0
0,840,280,9999,999940,0
0,855,285,9999,999942.5,0
0,870,290,9999,999945,0
0,885,295,9999,999947.5,0
0,900,300,9999,999950,0
0,915,305,9999,999952.5,0
0,930,310,9999,999955,0
0,945,315,9999,999957.5,0
0,960,320,9999,999960,0
0,975,325,9999,999962.5,0
0,990,330,9999,999965,0
0,1005,335,9999,999967.5,0
0,1020,340,9999,999970,0
0,1035,345,9999,999972.5,0
0,1050,350,9999,999975,0
0,1065,355,9999,999977.5,0
0,1080,360,9999,999980,0
0,1095,365,9999,999982.5,0
0,1110,370,9999,999985,0
0,1125,375,9999,999987.5,0
0,1140,380,9999,999990,0
0,1155,385,9999,999992.5,0
0,1170,390,9999,999995,0
0,1185,395,9999,999997.5,0
0,1200,400,9999,-200,0
0,1215,405,9999,-202.5,0
0,1230,410,9999,-205,0
0,1245,415,9999,-207.5,0
0,1260,420,9999,-210,0
0,1275,425,9999,-212.5,0
0,1290,430,9999,-215,0
0,1305,435,9999,-217.5,0
0,1320,440,9999,-220,0
0,1335,445,9999,-222.5,0
0,1350,450,9999,-225,0
0,1365,455,9999,-227.5,0
0,1380,460,9999,-230,0
0,1395,465,9999,-232.5,0
0,1410,470,9999,-235,0
0,1425,475,9999,-237.5,0
0,1440,480,9999,-240,0
0,1455,485,9999,-242.5,0
0,1470,490,9999,-245,0
0,1485,495,9999,-247.5,0
0,9999,335,30,9.8,0
0,9999,670,60,19.6,0
0,9999,1005,90,29.4,0
0,9999,1340,120,39.2,0
0,9999,1675,150,49,0
0,9999,2010,180,58.8,0
0,9999,2345,210,68.6,0
0,9999,2680,240,78.4,0
0,9999,3015,270,88.2,0
0,9999,3350,300,98,0
0,9999,3685,330,107.8,0
0,9999,4020,360,117.6,0
0,9999,4355,390,127.4,0
0,9999,4690,420,137.2,0
0,9999,5025,450,147,0
0,9999,5360,480,156.8,0
0,9999,5695,510,166.6,0
0,9999,6030,540,176.4,0
0,9999,6365,570,186.2,0
0,9999,6700,600,196,0
0,9999,7035,630,205.8,0
0,9999,7370,660,215.6,0
0,9999,7705,690,225.4,0
0,9999,8040,720,235.2,0
0,9999,8375,750,245,0
0,9999,8710,780,254.8,0
0,9999,9045,810,264.6,0
0,9999,9380,840,274.4,0
0,9999,9715,870,284.2,0
0,9999,10050,900,294,0
0,9999,10385,930,303.8,0
0,9999,10720,960,313.6,0
0,9999,11055,990,323.4,0
0,9999,11390,1020,333.2,0
0,9999,11725,1050,343,0
0,9999,12060,1080,352.8,0
0,9999,12395,1110,362.6,0
0,9999,12730,1140,372.4,0
0,9999,13065,1170,382.2,0
0,9999,13400,1200,392,0
0,9999,13735,1230,401.8,0
0,9999,14070,1260,411.6,0
0,9999,14405,1290,421.4,0
0,9999,14740,1320,431.2,0
0,9999,15075,1350,441,0
0,9999,15410,1380,450.8,0
0,9999,15745,1410,460.6,0
0,9999,16080,1440,470.4,0
0,9999,16415,1470,480.2,0
0,9999,16750,1500,490,0
0,9999,17085,1530,499.8,0
0,9999,17420,1560,509.6,0
0,9999,17755,1590,519.4,0
0,9999,18090,1620,529.2,0
0,9999,18425,1650,539,0
0,9999,18760,1680,548.8,0
0,9999,19095,1710,558.6,0
0,9999,19430,1740,568.4,0
0,9999,19765,1770,578.2,0
0,9999,20100,1800,588,0
0,9999,20435,1830,597.8,0
0,9999,20770,1860,607.6,0
0,9999,21105,1890,617.4,0
0,9999,21440,1920,627.2,0
0,9999,21775,1950,637,0
0,9999,22110,1980,646.8,0
0,9999,22445,2010,656.6,0
0,9999,22780,2040,666.4,0
0,9999,23115,2070,676.2,0
0,9999,23450,2100,686,0
0,9999,23785,2130,695.8,0
0,9999,24120,2160,705.6,0
0,9999,24455,2190,715.4,0
0,9999,24790,2220,725.2,0
0,9999,25125,2250,735,0
0,9999,25460,2280,744.8,0
0,9999,25795,2310,754.6,0
0,9999,26130,2340,764.4,0
0,9999,26465,2370,774.2,0
0,9999,26800,2400,784,0
0,9999,27135,2430,793.8,0
0,9999,27470,2460,803.6,0
0,9999,27805,2490,813.4,0
0,9999,28140,2520,823.2,0
0,9999,28475,2550,833,0
0,9999,28810,2580,842.8,0
0,9999,29145,2610,852.6,0
0,9999,29480,2640,862.4,0
0,9999,29815,2670,872.2,0
0,9999,30150,2700,882,0
0,9999,30485,2730,891.8,0
0,9999,30820,2760,901.6,0
0,9999,31155,2790,911.4,0
0,9999,31490,2820,921.2,0
0,9999,31825,2850,931,0
0,9999,32160,2880,940.8,0
0,9999,32495,2910,950.6,0
0,9999,32830,2940,960.4,0
0,9999,33165,2970,970.2,0
